time (h),temperature (°C),irradiance (W/m^2),voltage (V),current_density (mA/cm^2),power_density (mW/cm^2)
0.0000,44.74,1002.2,0.9141,20.962,19.161
0.1667,45.05,999.4,0.9122,21.038,19.191
0.3333,45.58,999.0,0.9078,21.060,19.119
0.5000,45.64,1001.0,0.9084,21.018,19.093
0.6667,45.08,1002.0,0.9083,21.144,19.204
0.8333,45.69,1001.9,0.9102,20.975,19.090
1.0000,44.98,1001.9,0.9144,20.726,18.951
1.1667,44.88,1000.5,0.9085,20.830,18.924
1.3333,44.57,1000.8,0.9075,21.221,19.259
1.5000,44.64,1001.0,0.9124,21.069,19.223
1.6667,45.17,1001.2,0.9113,20.669,18.837
1.8333,45.02,1001.9,0.9092,20.888,18.992
2.0000,45.47,1000.7,0.9072,20.833,18.900
2.1667,45.57,1001.2,0.9082,20.917,18.997
2.3333,45.25,1002.1,0.9053,20.979,18.992
2.5000,44.56,999.9,0.9074,20.976,19.033
2.6667,45.11,1001.2,0.9059,21.056,19.074
2.8333,45.39,999.3,0.9067,20.959,19.005
3.0000,44.98,998.1,0.9077,20.659,18.752
3.1667,44.73,1001.5,0.9063,20.667,18.732
3.3333,44.70,999.7,0.9094,20.813,18.926
3.5000,45.85,998.8,0.9095,20.755,18.876
3.6667,45.11,999.8,0.9072,20.658,18.742
3.8333,45.06,1000.4,0.9025,20.684,18.667
4.0000,44.39,1000.4,0.9064,20.721,18.781
4.1667,45.00,1000.9,0.9059,20.843,18.882
4.3333,45.29,1001.2,0.9063,20.861,18.906
4.5000,45.37,1000.6,0.9060,20.587,18.652
4.6667,44.61,1000.3,0.9037,20.902,18.888
4.8333,44.89,1000.1,0.9051,20.782,18.811
5.0000,44.62,998.3,0.9055,20.614,18.665
5.1667,44.91,1000.0,0.9051,20.696,18.732
5.3333,44.53,997.2,0.9079,20.473,18.588
5.5000,44.69,997.1,0.9038,20.611,18.628
5.6667,44.77,1000.2,0.9043,20.680,18.702
5.8333,45.17,1002.0,0.9005,20.737,18.673
6.0000,44.75,998.1,0.9025,20.633,18.620
6.1667,44.88,1001.4,0.9002,20.572,18.518
6.3333,44.64,999.8,0.9045,20.703,18.727
6.5000,44.84,995.7,0.8999,20.701,18.629
6.6667,44.09,1000.5,0.9037,20.586,18.603
6.8333,44.61,1000.6,0.9040,20.444,18.482
7.0000,44.93,997.9,0.9020,20.537,18.525
7.1667,45.10,1002.5,0.9038,20.653,18.666
7.3333,44.70,1002.2,0.9043,20.591,18.621
7.5000,44.81,1000.2,0.9033,20.650,18.654
7.6667,45.02,1002.9,0.9023,20.612,18.598
7.8333,45.02,1001.6,0.8990,20.590,18.511
8.0000,44.74,995.4,0.9008,20.456,18.427
8.1667,45.25,1000.3,0.9009,20.490,18.459
8.3333,45.68,1002.9,0.9025,20.324,18.342
8.5000,45.50,1000.4,0.9017,20.426,18.417
8.6667,44.93,1000.2,0.9035,20.427,18.455
8.8333,44.86,1001.3,0.9020,20.710,18.679
9.0000,45.82,999.9,0.8998,20.548,18.489
9.1667,45.02,1002.7,0.9009,20.622,18.578
9.3333,44.85,996.4,0.9030,20.401,18.422
9.5000,44.88,1003.0,0.8990,20.771,18.673
9.6667,45.18,1000.0,0.8977,20.653,18.540
9.8333,44.65,1000.0,0.8984,20.632,18.536
10.0000,44.99,1000.6,0.9021,20.362,18.369
10.1667,44.56,1000.4,0.8999,20.475,18.426
10.3333,45.22,1000.8,0.9024,20.400,18.408
10.5000,44.57,1001.3,0.9023,20.427,18.432
10.6667,44.75,1000.4,0.8983,20.521,18.435
10.8333,44.83,1003.4,0.9011,20.481,18.456
11.0000,44.47,1000.4,0.9049,20.371,18.433
11.1667,44.82,998.2,0.8998,20.329,18.291
11.3333,44.95,1000.3,0.8987,20.472,18.398
11.5000,45.23,1001.9,0.8981,20.450,18.366
11.6667,45.06,999.6,0.9003,20.341,18.313
11.8333,45.36,999.6,0.8997,20.318,18.280
12.0000,45.21,0.0,0.0000,0.000,0.000
12.1667,45.05,0.0,0.0000,0.000,0.000
12.3333,45.14,0.0,0.0000,0.000,0.000
12.5000,45.20,0.0,0.0000,0.000,0.000
12.6667,44.99,0.0,0.0000,0.000,0.000
12.8333,44.57,0.0,0.0000,0.000,0.000
13.0000,44.97,0.0,0.0000,0.000,0.000
13.1667,44.87,0.0,0.0000,0.000,0.000
13.3333,44.59,0.0,0.0000,0.000,0.000
13.5000,44.59,0.0,0.0000,0.000,0.000
13.6667,44.72,0.0,0.0000,0.000,0.000
13.8333,45.31,0.0,0.0000,0.000,0.000
14.0000,45.09,0.0,0.0000,0.000,0.000
14.1667,45.12,0.0,0.0000,0.000,0.000
14.3333,44.85,0.0,0.0000,0.000,0.000
14.5000,45.11,0.0,0.0000,0.000,0.000
14.6667,45.08,0.0,0.0000,0.000,0.000
14.8333,44.86,0.0,0.0000,0.000,0.000
15.0000,44.94,0.0,0.0000,0.000,0.000
15.1667,45.16,0.0,0.0000,0.000,0.000
15.3333,45.32,0.0,0.0000,0.000,0.000
15.5000,45.09,0.0,0.0000,0.000,0.000
15.6667,44.80,0.0,0.0000,0.000,0.000
15.8333,44.52,0.0,0.0000,0.000,0.000
16.0000,44.93,0.0,0.0000,0.000,0.000
16.1667,45.17,0.0,0.0000,0.000,0.000
16.3333,44.80,0.0,0.0000,0.000,0.000
16.5000,45.55,0.0,0.0000,0.000,0.000
16.6667,44.84,0.0,0.0000,0.000,0.000
16.8333,45.26,0.0,0.0000,0.000,0.000
17.0000,45.30,0.0,0.0000,0.000,0.000
17.1667,45.31,0.0,0.0000,0.000,0.000
17.3333,44.75,0.0,0.0000,0.000,0.000
17.5000,45.08,0.0,0.0000,0.000,0.000
17.6667,45.15,0.0,0.0000,0.000,0.000
17.8333,44.94,0.0,0.0000,0.000,0.000
18.0000,44.86,0.0,0.0000,0.000,0.000
18.1667,44.99,0.0,0.0000,0.000,0.000
18.3333,44.55,0.0,0.0000,0.000,0.000
18.5000,44.73,0.0,0.0000,0.000,0.000
18.6667,44.50,0.0,0.0000,0.000,0.000
18.8333,45.20,0.0,0.0000,0.000,0.000
19.0000,44.59,0.0,0.0000,0.000,0.000
19.1667,44.50,0.0,0.0000,0.000,0.000
19.3333,45.13,0.0,0.0000,0.000,0.000
19.5000,45.06,0.0,0.0000,0.000,0.000
19.6667,44.73,0.0,0.0000,0.000,0.000
19.8333,45.16,0.0,0.0000,0.000,0.000
20.0000,45.09,0.0,0.0000,0.000,0.000
20.1667,45.08,0.0,0.0000,0.000,0.000
20.3333,45.09,0.0,0.0000,0.000,0.000
20.5000,45.32,0.0,0.0000,0.000,0.000
20.6667,45.37,0.0,0.0000,0.000,0.000
20.8333,45.14,0.0,0.0000,0.000,0.000
21.0000,44.97,0.0,0.0000,0.000,0.000
21.1667,44.79,0.0,0.0000,0.000,0.000
21.3333,45.62,0.0,0.0000,0.000,0.000
21.5000,45.59,0.0,0.0000,0.000,0.000
21.6667,44.82,0.0,0.0000,0.000,0.000
21.8333,45.02,0.0,0.0000,0.000,0.000
22.0000,45.20,0.0,0.0000,0.000,0.000
22.1667,44.79,0.0,0.0000,0.000,0.000
22.3333,45.03,0.0,0.0000,0.000,0.000
22.5000,45.19,0.0,0.0000,0.000,0.000
22.6667,45.15,0.0,0.0000,0.000,0.000
22.8333,44.74,0.0,0.0000,0.000,0.000
23.0000,44.60,0.0,0.0000,0.000,0.000
23.1667,44.74,0.0,0.0000,0.000,0.000
23.3333,45.05,0.0,0.0000,0.000,0.000
23.5000,45.32,0.0,0.0000,0.000,0.000
23.6667,45.27,0.0,0.0000,0.000,0.000
23.8333,44.77,0.0,0.0000,0.000,0.000
24.0000,44.79,1000.1,0.8984,20.183,18.132
24.1667,44.84,998.3,0.8992,20.395,18.339
24.3333,44.68,997.9,0.8987,20.477,18.403
24.5000,44.82,999.5,0.8993,20.213,18.179
24.6667,44.37,1000.9,0.8993,20.460,18.399
24.8333,45.28,1002.4,0.8982,20.059,18.017
25.0000,45.25,1000.7,0.8958,20.443,18.313
25.1667,44.55,999.2,0.9004,20.190,18.179
25.3333,45.28,1001.4,0.8940,20.528,18.351
25.5000,44.70,998.1,0.8984,20.228,18.172
25.6667,45.09,997.2,0.8988,20.073,18.042
25.8333,44.86,1003.9,0.8978,20.476,18.383
26.0000,45.34,998.5,0.8961,20.173,18.078
26.1667,45.14,999.3,0.8990,20.325,18.272
26.3333,44.95,1000.2,0.8993,20.294,18.250
26.5000,45.34,1002.0,0.8970,20.467,18.359
26.6667,45.32,998.1,0.8985,20.379,18.311
26.8333,45.30,1002.4,0.8931,20.583,18.382
27.0000,44.76,997.7,0.8973,20.212,18.137
27.1667,44.69,1000.1,0.8982,20.477,18.393
27.3333,44.98,995.4,0.8997,20.288,18.254
27.5000,44.79,998.9,0.8957,20.349,18.227
27.6667,45.68,997.0,0.8958,20.128,18.031
27.8333,44.81,1000.6,0.8978,20.208,18.141
28.0000,44.70,1000.7,0.8985,20.382,18.312
28.1667,44.88,1000.6,0.8968,20.233,18.146
28.3333,45.35,998.2,0.8982,20.049,18.008
28.5000,45.23,1002.9,0.8946,20.548,18.383
28.6667,44.53,1001.7,0.8959,20.358,18.238
28.8333,45.12,1001.1,0.8944,20.261,18.123
29.0000,44.92,1003.5,0.8978,20.354,18.274
29.1667,45.07,1001.8,0.8996,20.289,18.251
29.3333,45.01,1001.7,0.9003,20.261,18.242
29.5000,45.16,997.2,0.8989,20.066,18.037
29.6667,44.48,998.5,0.8953,20.330,18.201
29.8333,45.12,1001.1,0.8971,20.128,18.056
30.0000,44.79,999.1,0.9000,20.172,18.155
30.1667,44.90,996.9,0.8981,20.003,17.964
30.3333,44.87,1001.9,0.9018,20.172,18.190
30.5000,45.08,1002.8,0.8955,20.512,18.368
30.6667,44.83,997.9,0.8989,20.081,18.051
30.8333,45.41,997.1,0.8922,20.116,17.949
31.0000,45.27,998.6,0.8970,20.258,18.171
31.1667,45.72,1001.2,0.8959,20.270,18.160
31.3333,45.21,999.3,0.8982,19.993,17.958
31.5000,44.98,1000.4,0.8926,20.247,18.072
31.6667,44.66,1001.3,0.8998,20.076,18.063
31.8333,45.37,999.2,0.8995,20.016,18.005
32.0000,44.68,1000.7,0.8954,20.389,18.256
32.1667,44.68,1001.4,0.8968,20.146,18.066
32.3333,44.76,998.1,0.8939,20.137,18.001
32.5000,44.62,996.1,0.8963,20.073,17.993
32.6667,45.28,999.5,0.8998,20.127,18.111
32.8333,45.19,1000.2,0.8956,20.235,18.123
33.0000,45.24,1001.5,0.8934,20.243,18.085
33.1667,45.13,1002.5,0.8950,20.314,18.181
33.3333,44.58,1003.3,0.8937,20.282,18.126
33.5000,44.84,1002.2,0.9016,20.112,18.132
33.6667,45.20,999.0,0.8948,20.071,17.959
33.8333,45.04,1001.2,0.8948,20.163,18.042
34.0000,45.15,999.5,0.8946,20.261,18.126
34.1667,44.70,1002.3,0.8940,20.308,18.156
34.3333,44.44,996.0,0.8962,20.109,18.022
34.5000,44.68,997.1,0.8954,20.021,17.926
34.6667,44.72,998.8,0.8954,20.132,18.026
34.8333,45.14,999.9,0.8914,20.194,18.002
35.0000,45.48,997.9,0.8958,19.902,17.828
35.1667,44.97,1001.1,0.8965,20.149,18.063
35.3333,45.12,998.5,0.8920,20.270,18.080
35.5000,44.99,999.1,0.8925,20.113,17.952
35.6667,44.51,997.1,0.8976,20.051,17.998
35.8333,45.35,997.5,0.8928,20.130,17.972
36.0000,45.20,0.0,0.0000,0.000,0.000
36.1667,44.83,0.0,0.0000,0.000,0.000
36.3333,45.63,0.0,0.0000,0.000,0.000
36.5000,45.07,0.0,0.0000,0.000,0.000
36.6667,45.10,0.0,0.0000,0.000,0.000
36.8333,44.90,0.0,0.0000,0.000,0.000
37.0000,45.23,0.0,0.0000,0.000,0.000
37.1667,45.11,0.0,0.0000,0.000,0.000
37.3333,44.47,0.0,0.0000,0.000,0.000
37.5000,44.94,0.0,0.0000,0.000,0.000
37.6667,45.36,0.0,0.0000,0.000,0.000
37.8333,45.32,0.0,0.0000,0.000,0.000
38.0000,44.81,0.0,0.0000,0.000,0.000
38.1667,45.28,0.0,0.0000,0.000,0.000
38.3333,45.34,0.0,0.0000,0.000,0.000
38.5000,44.61,0.0,0.0000,0.000,0.000
38.6667,44.95,0.0,0.0000,0.000,0.000
38.8333,45.39,0.0,0.0000,0.000,0.000
39.0000,45.08,0.0,0.0000,0.000,0.000
39.1667,45.31,0.0,0.0000,0.000,0.000
39.3333,44.89,0.0,0.0000,0.000,0.000
39.5000,45.59,0.0,0.0000,0.000,0.000
39.6667,45.33,0.0,0.0000,0.000,0.000
39.8333,44.58,0.0,0.0000,0.000,0.000
40.0000,44.97,0.0,0.0000,0.000,0.000
40.1667,44.87,0.0,0.0000,0.000,0.000
40.3333,44.94,0.0,0.0000,0.000,0.000
40.5000,45.42,0.0,0.0000,0.000,0.000
40.6667,45.41,0.0,0.0000,0.000,0.000
40.8333,44.68,0.0,0.0000,0.000,0.000
41.0000,45.39,0.0,0.0000,0.000,0.000
41.1667,44.95,0.0,0.0000,0.000,0.000
41.3333,44.75,0.0,0.0000,0.000,0.000
41.5000,45.37,0.0,0.0000,0.000,0.000
41.6667,44.98,0.0,0.0000,0.000,0.000
41.8333,45.80,0.0,0.0000,0.000,0.000
42.0000,45.11,0.0,0.0000,0.000,0.000
42.1667,44.92,0.0,0.0000,0.000,0.000
42.3333,44.78,0.0,0.0000,0.000,0.000
42.5000,44.91,0.0,0.0000,0.000,0.000
42.6667,45.36,0.0,0.0000,0.000,0.000
42.8333,45.14,0.0,0.0000,0.000,0.000
43.0000,44.82,0.0,0.0000,0.000,0.000
43.1667,44.91,0.0,0.0000,0.000,0.000
43.3333,45.31,0.0,0.0000,0.000,0.000
43.5000,44.96,0.0,0.0000,0.000,0.000
43.6667,44.98,0.0,0.0000,0.000,0.000
43.8333,45.39,0.0,0.0000,0.000,0.000
44.0000,44.88,0.0,0.0000,0.000,0.000
44.1667,45.23,0.0,0.0000,0.000,0.000
44.3333,45.36,0.0,0.0000,0.000,0.000
44.5000,45.36,0.0,0.0000,0.000,0.000
44.6667,45.22,0.0,0.0000,0.000,0.000
44.8333,45.17,0.0,0.0000,0.000,0.000
45.0000,44.82,0.0,0.0000,0.000,0.000
45.1667,45.23,0.0,0.0000,0.000,0.000
45.3333,45.25,0.0,0.0000,0.000,0.000
45.5000,44.88,0.0,0.0000,0.000,0.000
45.6667,45.10,0.0,0.0000,0.000,0.000
45.8333,45.28,0.0,0.0000,0.000,0.000
46.0000,45.01,0.0,0.0000,0.000,0.000
46.1667,45.10,0.0,0.0000,0.000,0.000
46.3333,45.17,0.0,0.0000,0.000,0.000
46.5000,44.79,0.0,0.0000,0.000,0.000
46.6667,44.84,0.0,0.0000,0.000,0.000
46.8333,44.98,0.0,0.0000,0.000,0.000
47.0000,45.49,0.0,0.0000,0.000,0.000
47.1667,44.82,0.0,0.0000,0.000,0.000
47.3333,44.79,0.0,0.0000,0.000,0.000
47.5000,45.24,0.0,0.0000,0.000,0.000
47.6667,44.78,0.0,0.0000,0.000,0.000
47.8333,44.98,0.0,0.0000,0.000,0.000
48.0000,45.39,998.2,0.8898,20.067,17.855
48.1667,44.78,997.9,0.8963,20.011,17.936
48.3333,44.95,1000.5,0.8927,20.119,17.960
48.5000,45.07,997.4,0.8955,19.957,17.871
48.6667,45.16,997.8,0.8943,19.849,17.751
48.8333,44.68,999.4,0.8916,20.115,17.934
49.0000,44.76,1001.5,0.8899,20.329,18.092
49.1667,45.31,1002.7,0.8927,20.201,18.033
49.3333,45.02,998.0,0.8939,20.159,18.020
49.5000,45.15,1000.0,0.8947,19.883,17.790
49.6667,44.99,999.2,0.8934,19.947,17.820
49.8333,45.27,998.4,0.8913,20.019,17.842
50.0000,45.11,1001.5,0.8923,20.210,18.034
50.1667,44.72,1000.8,0.8941,20.335,18.181
50.3333,45.42,1003.0,0.8941,20.121,17.990
50.5000,44.81,1002.1,0.8945,20.247,18.111
50.6667,45.22,1001.5,0.8963,20.034,17.956
50.8333,45.33,1001.1,0.8959,19.915,17.841
51.0000,44.93,999.9,0.8934,20.270,18.109
51.1667,45.13,1001.7,0.8900,20.126,17.912
51.3333,45.25,1002.0,0.8909,20.121,17.926
51.5000,44.58,1001.6,0.8941,20.055,17.931
51.6667,45.11,1002.9,0.8942,20.032,17.913
51.8333,44.81,1000.4,0.8931,20.125,17.973
52.0000,44.94,999.0,0.8947,20.083,17.968
52.1667,45.15,1000.4,0.8923,19.952,17.803
52.3333,44.86,1001.7,0.8971,19.904,17.857
52.5000,44.73,999.9,0.8943,20.027,17.909
52.6667,44.69,1000.2,0.8972,19.901,17.856
52.8333,45.32,998.6,0.8920,19.975,17.818
53.0000,45.00,998.0,0.8894,20.184,17.952
53.1667,45.28,996.9,0.8917,20.179,17.992
53.3333,44.75,999.8,0.8952,19.995,17.899
53.5000,45.69,994.4,0.8920,19.696,17.569
53.6667,45.54,998.5,0.8893,20.035,17.818
53.8333,45.08,997.4,0.8910,20.055,17.869
54.0000,44.81,1000.2,0.8929,20.001,17.858
54.1667,44.78,999.4,0.8918,19.986,17.824
54.3333,44.91,1002.4,0.8913,20.003,17.828
54.5000,45.16,999.2,0.8908,20.050,17.859
54.6667,44.88,1001.8,0.8907,20.246,18.034
54.8333,44.80,1000.9,0.8918,19.964,17.804
55.0000,45.00,1000.4,0.8911,20.082,17.895
55.1667,45.40,1002.2,0.8927,20.072,17.918
55.3333,44.90,998.3,0.8890,20.225,17.980
55.5000,45.00,1000.1,0.8940,19.963,17.847
55.6667,45.30,998.6,0.8955,19.837,17.763
55.8333,45.20,999.5,0.8914,20.065,17.887
56.0000,44.85,1001.4,0.8896,20.123,17.901
56.1667,44.96,998.9,0.8928,20.009,17.864
56.3333,45.14,1000.3,0.8954,19.772,17.704
56.5000,44.77,1003.9,0.8935,20.124,17.981
56.6667,45.45,999.1,0.8911,19.903,17.736
56.8333,44.78,1000.0,0.8909,19.791,17.632
57.0000,45.13,998.2,0.8892,19.838,17.640
57.1667,44.80,999.4,0.8928,19.858,17.729
57.3333,45.28,998.9,0.8919,20.176,17.994
57.5000,44.72,997.7,0.8928,19.946,17.808
57.6667,45.55,999.5,0.8919,19.908,17.756
57.8333,44.87,998.7,0.8922,19.881,17.738
58.0000,45.43,997.0,0.8907,19.946,17.766
58.1667,44.59,1000.2,0.8926,20.098,17.940
58.3333,45.11,999.9,0.8907,19.990,17.804
58.5000,45.10,999.5,0.8959,19.904,17.833
58.6667,45.31,997.9,0.8921,19.744,17.613
58.8333,45.01,1002.3,0.8923,20.134,17.965
59.0000,44.65,1000.4,0.8948,19.795,17.712
59.1667,45.12,996.0,0.8930,19.729,17.618
59.3333,45.18,1000.5,0.8920,19.868,17.722
59.5000,45.04,995.9,0.8884,19.849,17.633
59.6667,44.42,1000.2,0.8937,19.872,17.758
59.8333,44.81,1002.0,0.8929,20.079,17.928
60.0000,44.88,0.0,0.0000,0.000,0.000
60.1667,45.06,0.0,0.0000,0.000,0.000
60.3333,44.89,0.0,0.0000,0.000,0.000
60.5000,44.95,0.0,0.0000,0.000,0.000
60.6667,44.92,0.0,0.0000,0.000,0.000
60.8333,45.00,0.0,0.0000,0.000,0.000
61.0000,44.55,0.0,0.0000,0.000,0.000
61.1667,45.40,0.0,0.0000,0.000,0.000
61.3333,45.28,0.0,0.0000,0.000,0.000
61.5000,44.72,0.0,0.0000,0.000,0.000
61.6667,44.67,0.0,0.0000,0.000,0.000
61.8333,45.66,0.0,0.0000,0.000,0.000
62.0000,44.76,0.0,0.0000,0.000,0.000
62.1667,44.81,0.0,0.0000,0.000,0.000
62.3333,45.05,0.0,0.0000,0.000,0.000
62.5000,44.49,0.0,0.0000,0.000,0.000
62.6667,45.09,0.0,0.0000,0.000,0.000
62.8333,44.54,0.0,0.0000,0.000,0.000
63.0000,44.85,0.0,0.0000,0.000,0.000
63.1667,45.03,0.0,0.0000,0.000,0.000
63.3333,45.01,0.0,0.0000,0.000,0.000
63.5000,45.19,0.0,0.0000,0.000,0.000
63.6667,45.05,0.0,0.0000,0.000,0.000
63.8333,44.58,0.0,0.0000,0.000,0.000
64.0000,45.13,0.0,0.0000,0.000,0.000
64.1667,44.90,0.0,0.0000,0.000,0.000
64.3333,44.64,0.0,0.0000,0.000,0.000
64.5000,45.29,0.0,0.0000,0.000,0.000
64.6667,45.51,0.0,0.0000,0.000,0.000
64.8333,44.70,0.0,0.0000,0.000,0.000
65.0000,45.21,0.0,0.0000,0.000,0.000
65.1667,45.26,0.0,0.0000,0.000,0.000
65.3333,45.11,0.0,0.0000,0.000,0.000
65.5000,44.94,0.0,0.0000,0.000,0.000
65.6667,45.22,0.0,0.0000,0.000,0.000
65.8333,45.62,0.0,0.0000,0.000,0.000
66.0000,44.81,0.0,0.0000,0.000,0.000
66.1667,45.26,0.0,0.0000,0.000,0.000
66.3333,44.97,0.0,0.0000,0.000,0.000
66.5000,44.80,0.0,0.0000,0.000,0.000
66.6667,45.15,0.0,0.0000,0.000,0.000
66.8333,45.15,0.0,0.0000,0.000,0.000
67.0000,44.98,0.0,0.0000,0.000,0.000
67.1667,45.30,0.0,0.0000,0.000,0.000
67.3333,44.61,0.0,0.0000,0.000,0.000
67.5000,45.10,0.0,0.0000,0.000,0.000
67.6667,45.07,0.0,0.0000,0.000,0.000
67.8333,45.22,0.0,0.0000,0.000,0.000
68.0000,45.00,0.0,0.0000,0.000,0.000
68.1667,44.79,0.0,0.0000,0.000,0.000
68.3333,44.85,0.0,0.0000,0.000,0.000
68.5000,44.89,0.0,0.0000,0.000,0.000
68.6667,45.24,0.0,0.0000,0.000,0.000
68.8333,45.12,0.0,0.0000,0.000,0.000
69.0000,44.92,0.0,0.0000,0.000,0.000
69.1667,45.20,0.0,0.0000,0.000,0.000
69.3333,45.88,0.0,0.0000,0.000,0.000
69.5000,45.15,0.0,0.0000,0.000,0.000
69.6667,45.17,0.0,0.0000,0.000,0.000
69.8333,44.37,0.0,0.0000,0.000,0.000
70.0000,45.24,0.0,0.0000,0.000,0.000
70.1667,45.39,0.0,0.0000,0.000,0.000
70.3333,45.20,0.0,0.0000,0.000,0.000
70.5000,44.61,0.0,0.0000,0.000,0.000
70.6667,45.30,0.0,0.0000,0.000,0.000
70.8333,44.94,0.0,0.0000,0.000,0.000
71.0000,45.04,0.0,0.0000,0.000,0.000
71.1667,45.53,0.0,0.0000,0.000,0.000
71.3333,45.01,0.0,0.0000,0.000,0.000
71.5000,44.88,0.0,0.0000,0.000,0.000
71.6667,44.47,0.0,0.0000,0.000,0.000
71.8333,45.25,0.0,0.0000,0.000,0.000
72.0000,44.93,998.7,0.8911,19.994,17.816
72.1667,45.28,1002.7,0.8894,20.085,17.863
72.3333,44.82,1002.8,0.8884,20.004,17.771
72.5000,44.79,998.4,0.8920,19.751,17.618
72.6667,44.96,1000.1,0.8894,19.997,17.785
72.8333,44.57,1000.2,0.8904,19.946,17.759
73.0000,45.16,999.0,0.8912,19.955,17.785
73.1667,44.97,998.5,0.8915,19.857,17.702
73.3333,44.59,996.2,0.8924,19.693,17.574
73.5000,45.03,999.1,0.8896,19.853,17.660
73.6667,45.02,1001.6,0.8908,19.968,17.787
73.8333,44.78,1000.3,0.8907,19.825,17.657
74.0000,45.02,1003.3,0.8904,20.085,17.884
74.1667,44.63,999.3,0.8877,19.895,17.661
74.3333,44.27,996.2,0.8900,19.810,17.630
74.5000,44.64,1001.4,0.8935,19.918,17.797
74.6667,45.01,997.4,0.8910,19.881,17.713
74.8333,45.08,1001.3,0.8866,19.899,17.643
75.0000,44.69,998.0,0.8891,19.704,17.518
75.1667,45.10,1000.7,0.8900,19.868,17.682
75.3333,45.38,1003.1,0.8886,19.942,17.720
75.5000,45.33,997.2,0.8875,19.972,17.725
75.6667,44.70,1000.3,0.8892,19.904,17.699
75.8333,45.00,1001.1,0.8871,19.934,17.683
76.0000,45.08,997.6,0.8880,19.720,17.511
76.1667,45.08,1001.0,0.8896,19.840,17.650
76.3333,44.72,998.3,0.8875,19.831,17.600
76.5000,45.00,1001.6,0.8911,19.798,17.642
76.6667,44.56,1001.3,0.8899,19.997,17.795
76.8333,45.08,1000.1,0.8883,19.750,17.544
77.0000,44.92,999.8,0.8879,19.958,17.720
77.1667,44.79,999.4,0.8881,19.875,17.651
77.3333,45.19,997.3,0.8893,19.832,17.636
77.5000,45.21,998.6,0.8892,19.764,17.574
77.6667,44.69,995.1,0.8908,19.758,17.601
77.8333,44.31,998.4,0.8900,19.724,17.554
78.0000,45.54,996.6,0.8863,19.869,17.609
78.1667,44.79,1000.8,0.8837,19.964,17.643
78.3333,45.02,999.6,0.8853,19.946,17.657
78.5000,44.83,1001.2,0.8871,19.708,17.484
78.6667,45.30,998.6,0.8928,19.636,17.531
78.8333,44.71,1002.1,0.8889,19.702,17.514
79.0000,45.51,1003.9,0.8858,19.953,17.674
79.1667,45.00,996.5,0.8860,19.911,17.640
79.3333,45.40,999.2,0.8876,19.640,17.432
79.5000,44.77,1000.1,0.8900,19.751,17.579
79.6667,44.60,1002.0,0.8901,19.928,17.739
79.8333,44.53,1000.8,0.8875,19.796,17.568
80.0000,45.10,998.3,0.8871,19.858,17.617
80.1667,44.84,998.1,0.8900,19.600,17.443
80.3333,44.61,999.2,0.8865,19.984,17.716
80.5000,44.97,1001.2,0.8899,19.748,17.574
80.6667,44.63,1003.9,0.8878,19.779,17.559
80.8333,45.32,996.2,0.8895,19.764,17.579
81.0000,44.91,1003.0,0.8844,19.889,17.590
81.1667,45.35,1000.5,0.8889,19.785,17.586
81.3333,45.42,997.8,0.8886,19.476,17.307
81.5000,45.04,998.9,0.8898,19.573,17.416
81.6667,45.25,999.2,0.8817,19.895,17.542
81.8333,45.50,1000.1,0.8867,19.752,17.515
82.0000,44.81,1001.1,0.8865,19.729,17.491
82.1667,44.76,994.9,0.8901,19.538,17.391
82.3333,44.96,996.2,0.8872,19.885,17.642
82.5000,44.85,1000.4,0.8880,19.687,17.483
82.6667,44.72,999.6,0.8883,19.719,17.517
82.8333,45.02,998.7,0.8863,19.726,17.483
83.0000,45.31,1001.1,0.8903,19.688,17.528
83.1667,45.02,999.6,0.8847,19.761,17.482
83.3333,44.91,1000.0,0.8889,19.588,17.410
83.5000,44.84,1000.7,0.8874,19.774,17.548
83.6667,44.87,1001.5,0.8906,19.764,17.602
83.8333,45.04,1000.4,0.8901,19.488,17.347
84.0000,45.05,0.0,0.0000,0.000,0.000
84.1667,44.62,0.0,0.0000,0.000,0.000
84.3333,44.79,0.0,0.0000,0.000,0.000
84.5000,44.69,0.0,0.0000,0.000,0.000
84.6667,44.85,0.0,0.0000,0.000,0.000
84.8333,44.70,0.0,0.0000,0.000,0.000
85.0000,45.31,0.0,0.0000,0.000,0.000
85.1667,44.66,0.0,0.0000,0.000,0.000
85.3333,44.92,0.0,0.0000,0.000,0.000
85.5000,44.12,0.0,0.0000,0.000,0.000
85.6667,45.28,0.0,0.0000,0.000,0.000
85.8333,44.81,0.0,0.0000,0.000,0.000
86.0000,44.98,0.0,0.0000,0.000,0.000
86.1667,45.35,0.0,0.0000,0.000,0.000
86.3333,45.34,0.0,0.0000,0.000,0.000
86.5000,45.35,0.0,0.0000,0.000,0.000
86.6667,45.45,0.0,0.0000,0.000,0.000
86.8333,44.66,0.0,0.0000,0.000,0.000
87.0000,44.81,0.0,0.0000,0.000,0.000
87.1667,44.94,0.0,0.0000,0.000,0.000
87.3333,45.16,0.0,0.0000,0.000,0.000
87.5000,45.26,0.0,0.0000,0.000,0.000
87.6667,44.87,0.0,0.0000,0.000,0.000
87.8333,45.41,0.0,0.0000,0.000,0.000
88.0000,44.37,0.0,0.0000,0.000,0.000
88.1667,44.84,0.0,0.0000,0.000,0.000
88.3333,44.46,0.0,0.0000,0.000,0.000
88.5000,44.97,0.0,0.0000,0.000,0.000
88.6667,44.99,0.0,0.0000,0.000,0.000
88.8333,45.60,0.0,0.0000,0.000,0.000
89.0000,44.90,0.0,0.0000,0.000,0.000
89.1667,45.21,0.0,0.0000,0.000,0.000
89.3333,44.93,0.0,0.0000,0.000,0.000
89.5000,44.97,0.0,0.0000,0.000,0.000
89.6667,45.46,0.0,0.0000,0.000,0.000
89.8333,44.61,0.0,0.0000,0.000,0.000
90.0000,44.72,0.0,0.0000,0.000,0.000
90.1667,45.24,0.0,0.0000,0.000,0.000
90.3333,44.67,0.0,0.0000,0.000,0.000
90.5000,44.94,0.0,0.0000,0.000,0.000
90.6667,45.42,0.0,0.0000,0.000,0.000
90.8333,44.77,0.0,0.0000,0.000,0.000
91.0000,45.04,0.0,0.0000,0.000,0.000
91.1667,44.48,0.0,0.0000,0.000,0.000
91.3333,45.12,0.0,0.0000,0.000,0.000
91.5000,45.02,0.0,0.0000,0.000,0.000
91.6667,45.50,0.0,0.0000,0.000,0.000
91.8333,45.18,0.0,0.0000,0.000,0.000
92.0000,44.71,0.0,0.0000,0.000,0.000
92.1667,45.15,0.0,0.0000,0.000,0.000
92.3333,45.12,0.0,0.0000,0.000,0.000
92.5000,44.75,0.0,0.0000,0.000,0.000
92.6667,45.14,0.0,0.0000,0.000,0.000
92.8333,45.67,0.0,0.0000,0.000,0.000
93.0000,45.53,0.0,0.0000,0.000,0.000
93.1667,45.22,0.0,0.0000,0.000,0.000
93.3333,44.96,0.0,0.0000,0.000,0.000
93.5000,44.90,0.0,0.0000,0.000,0.000
93.6667,44.88,0.0,0.0000,0.000,0.000
93.8333,45.01,0.0,0.0000,0.000,0.000
94.0000,45.38,0.0,0.0000,0.000,0.000
94.1667,45.33,0.0,0.0000,0.000,0.000
94.3333,44.77,0.0,0.0000,0.000,0.000
94.5000,44.93,0.0,0.0000,0.000,0.000
94.6667,44.60,0.0,0.0000,0.000,0.000
94.8333,45.24,0.0,0.0000,0.000,0.000
95.0000,44.90,0.0,0.0000,0.000,0.000
95.1667,44.62,0.0,0.0000,0.000,0.000
95.3333,44.68,0.0,0.0000,0.000,0.000
95.5000,44.64,0.0,0.0000,0.000,0.000
95.6667,44.83,0.0,0.0000,0.000,0.000
95.8333,45.29,0.0,0.0000,0.000,0.000
96.0000,45.25,1002.1,0.8874,19.668,17.453
96.1667,45.17,998.8,0.8842,19.762,17.473
96.3333,44.98,997.7,0.8857,19.588,17.349
96.5000,45.08,1001.8,0.8889,19.714,17.524
96.6667,45.20,1000.2,0.8810,19.980,17.602
96.8333,44.47,999.7,0.8885,19.601,17.415
97.0000,44.96,1000.8,0.8845,19.836,17.546
97.1667,44.84,1000.4,0.8874,19.735,17.513
97.3333,45.34,1000.0,0.8857,19.553,17.318
97.5000,45.37,1003.7,0.8872,19.763,17.535
97.6667,44.88,1002.4,0.8858,19.638,17.395
97.8333,45.38,1000.8,0.8849,19.801,17.523
98.0000,45.24,998.6,0.8881,19.614,17.419
98.1667,44.96,1002.9,0.8873,19.619,17.408
98.3333,45.43,1001.3,0.8849,19.706,17.437
98.5000,44.97,999.1,0.8861,19.544,17.319
98.6667,44.98,1001.3,0.8884,19.594,17.407
98.8333,44.97,1002.2,0.8855,19.726,17.468
99.0000,44.94,998.8,0.8866,19.571,17.352
99.1667,44.87,999.5,0.8837,19.639,17.355
99.3333,44.70,999.1,0.8863,19.536,17.315
99.5000,44.88,999.2,0.8810,19.726,17.379
99.6667,45.39,1001.8,0.8825,19.644,17.335
99.8333,44.84,997.4,0.8883,19.659,17.462
100.0000,45.19,997.2,0.8874,19.464,17.273
100.1667,44.53,1001.5,0.8860,19.669,17.427
100.3333,45.30,1002.1,0.8880,19.545,17.356
100.5000,44.77,1001.4,0.8844,19.587,17.323
100.6667,44.78,1000.3,0.8918,19.413,17.313
100.8333,45.62,1000.2,0.8855,19.530,17.294
101.0000,45.52,1001.9,0.8817,19.623,17.301
101.1667,45.05,999.4,0.8853,19.455,17.223
101.3333,45.11,1000.8,0.8870,19.601,17.386
101.5000,45.17,1000.1,0.8850,19.651,17.391
101.6667,44.62,1000.2,0.8857,19.658,17.412
101.8333,44.72,997.3,0.8865,19.447,17.239
102.0000,45.32,1002.6,0.8848,19.527,17.278
102.1667,44.43,997.2,0.8856,19.483,17.255
102.3333,44.91,999.6,0.8829,19.545,17.257
102.5000,45.05,998.9,0.8805,19.774,17.412
102.6667,45.00,1002.7,0.8839,19.728,17.437
102.8333,44.94,997.2,0.8868,19.520,17.310
103.0000,45.12,1002.3,0.8815,19.668,17.337
103.1667,44.85,1001.9,0.8840,19.708,17.421
103.3333,45.21,996.9,0.8806,19.542,17.209
103.5000,44.51,1001.0,0.8881,19.662,17.461
103.6667,44.97,1001.8,0.8843,19.782,17.493
103.8333,45.24,1001.6,0.8863,19.528,17.307
104.0000,44.90,998.4,0.8869,19.449,17.249
104.1667,45.14,1000.6,0.8864,19.539,17.320
104.3333,44.91,1000.5,0.8881,19.530,17.344
104.5000,45.33,999.0,0.8806,19.726,17.372
104.6667,45.30,999.5,0.8828,19.731,17.417
104.8333,44.56,1001.9,0.8887,19.538,17.364
105.0000,44.88,999.8,0.8810,19.783,17.428
105.1667,44.73,999.2,0.8846,19.449,17.204
105.3333,44.89,1000.8,0.8852,19.643,17.388
105.5000,45.02,1000.0,0.8858,19.506,17.278
105.6667,45.49,1000.4,0.8810,19.616,17.282
105.8333,44.71,1001.9,0.8862,19.600,17.370
106.0000,44.80,998.7,0.8847,19.453,17.210
106.1667,45.24,999.5,0.8829,19.590,17.296
106.3333,44.61,1000.9,0.8840,19.281,17.043
106.5000,45.08,999.1,0.8832,19.652,17.358
106.6667,45.53,1000.3,0.8800,19.554,17.209
106.8333,45.19,1000.7,0.8840,19.433,17.179
107.0000,45.18,1000.4,0.8805,19.526,17.193
107.1667,45.13,1000.3,0.8850,19.603,17.349
107.3333,45.17,997.3,0.8861,19.624,17.389
107.5000,45.05,1000.4,0.8871,19.415,17.224
107.6667,44.73,1000.5,0.8858,19.591,17.354
107.8333,44.68,1000.1,0.8830,19.620,17.324
108.0000,44.73,0.0,0.0000,0.000,0.000
108.1667,44.52,0.0,0.0000,0.000,0.000
108.3333,44.62,0.0,0.0000,0.000,0.000
108.5000,45.25,0.0,0.0000,0.000,0.000
108.6667,44.60,0.0,0.0000,0.000,0.000
108.8333,45.01,0.0,0.0000,0.000,0.000
109.0000,44.51,0.0,0.0000,0.000,0.000
109.1667,44.87,0.0,0.0000,0.000,0.000
109.3333,45.04,0.0,0.0000,0.000,0.000
109.5000,45.02,0.0,0.0000,0.000,0.000
109.6667,45.32,0.0,0.0000,0.000,0.000
109.8333,44.74,0.0,0.0000,0.000,0.000
110.0000,45.17,0.0,0.0000,0.000,0.000
110.1667,45.54,0.0,0.0000,0.000,0.000
110.3333,45.07,0.0,0.0000,0.000,0.000
110.5000,44.90,0.0,0.0000,0.000,0.000
110.6667,44.93,0.0,0.0000,0.000,0.000
110.8333,45.37,0.0,0.0000,0.000,0.000
111.0000,44.97,0.0,0.0000,0.000,0.000
111.1667,44.55,0.0,0.0000,0.000,0.000
111.3333,44.92,0.0,0.0000,0.000,0.000
111.5000,45.57,0.0,0.0000,0.000,0.000
111.6667,45.01,0.0,0.0000,0.000,0.000
111.8333,44.54,0.0,0.0000,0.000,0.000
112.0000,44.79,0.0,0.0000,0.000,0.000
112.1667,45.02,0.0,0.0000,0.000,0.000
112.3333,44.72,0.0,0.0000,0.000,0.000
112.5000,45.45,0.0,0.0000,0.000,0.000
112.6667,44.70,0.0,0.0000,0.000,0.000
112.8333,44.76,0.0,0.0000,0.000,0.000
113.0000,44.74,0.0,0.0000,0.000,0.000
113.1667,44.18,0.0,0.0000,0.000,0.000
113.3333,44.68,0.0,0.0000,0.000,0.000
113.5000,45.07,0.0,0.0000,0.000,0.000
113.6667,45.56,0.0,0.0000,0.000,0.000
113.8333,45.41,0.0,0.0000,0.000,0.000
114.0000,45.21,0.0,0.0000,0.000,0.000
114.1667,45.69,0.0,0.0000,0.000,0.000
114.3333,44.22,0.0,0.0000,0.000,0.000
114.5000,45.35,0.0,0.0000,0.000,0.000
114.6667,45.29,0.0,0.0000,0.000,0.000
114.8333,44.81,0.0,0.0000,0.000,0.000
115.0000,45.41,0.0,0.0000,0.000,0.000
115.1667,45.02,0.0,0.0000,0.000,0.000
115.3333,45.30,0.0,0.0000,0.000,0.000
115.5000,44.82,0.0,0.0000,0.000,0.000
115.6667,44.72,0.0,0.0000,0.000,0.000
115.8333,44.79,0.0,0.0000,0.000,0.000
116.0000,45.30,0.0,0.0000,0.000,0.000
116.1667,44.87,0.0,0.0000,0.000,0.000
116.3333,44.90,0.0,0.0000,0.000,0.000
116.5000,44.89,0.0,0.0000,0.000,0.000
116.6667,45.12,0.0,0.0000,0.000,0.000
116.8333,45.32,0.0,0.0000,0.000,0.000
117.0000,45.05,0.0,0.0000,0.000,0.000
117.1667,44.90,0.0,0.0000,0.000,0.000
117.3333,45.54,0.0,0.0000,0.000,0.000
117.5000,45.02,0.0,0.0000,0.000,0.000
117.6667,45.03,0.0,0.0000,0.000,0.000
117.8333,45.20,0.0,0.0000,0.000,0.000
118.0000,44.75,0.0,0.0000,0.000,0.000
118.1667,44.68,0.0,0.0000,0.000,0.000
118.3333,45.19,0.0,0.0000,0.000,0.000
118.5000,45.00,0.0,0.0000,0.000,0.000
118.6667,44.78,0.0,0.0000,0.000,0.000
118.8333,44.51,0.0,0.0000,0.000,0.000
119.0000,44.85,0.0,0.0000,0.000,0.000
119.1667,44.80,0.0,0.0000,0.000,0.000
119.3333,44.94,0.0,0.0000,0.000,0.000
119.5000,44.88,0.0,0.0000,0.000,0.000
119.6667,45.43,0.0,0.0000,0.000,0.000
119.8333,44.73,0.0,0.0000,0.000,0.000
120.0000,45.01,998.5,0.8790,19.607,17.235
120.1667,45.27,1001.8,0.8826,19.606,17.304
120.3333,45.27,997.6,0.8836,19.575,17.297
120.5000,44.97,1000.9,0.8825,19.590,17.287
120.6667,44.75,1001.6,0.8818,19.657,17.334
120.8333,45.01,997.7,0.8846,19.443,17.199
121.0000,44.45,999.1,0.8822,19.398,17.114
121.1667,45.27,998.0,0.8824,19.560,17.259
121.3333,43.93,998.4,0.8831,19.509,17.228
121.5000,44.97,1002.1,0.8825,19.464,17.176
121.6667,45.04,999.1,0.8820,19.566,17.257
121.8333,44.81,1000.7,0.8839,19.459,17.199
122.0000,44.84,997.3,0.8820,19.466,17.169
122.1667,44.97,1000.5,0.8798,19.573,17.220
122.3333,44.49,1000.6,0.8860,19.437,17.220
122.5000,44.81,1000.5,0.8839,19.400,17.148
122.6667,45.33,998.0,0.8825,19.492,17.201
122.8333,45.09,998.3,0.8808,19.442,17.125
123.0000,44.56,1004.8,0.8806,19.657,17.310
123.1667,45.00,1001.5,0.8828,19.524,17.236
123.3333,44.87,999.8,0.8838,19.705,17.416
123.5000,44.51,1001.4,0.8846,19.513,17.261
123.6667,44.89,999.4,0.8806,19.550,17.216
123.8333,45.13,1002.0,0.8787,19.664,17.278
124.0000,45.29,998.9,0.8803,19.692,17.335
124.1667,45.23,1006.2,0.8836,19.477,17.209
124.3333,45.60,1002.3,0.8817,19.478,17.174
124.5000,45.11,1000.5,0.8828,19.415,17.140
124.6667,44.93,1000.6,0.8798,19.369,17.040
124.8333,44.97,1003.0,0.8795,19.642,17.275
125.0000,45.41,997.2,0.8807,19.239,16.943
125.1667,45.33,1000.4,0.8814,19.495,17.183
125.3333,44.81,999.8,0.8829,19.367,17.100
125.5000,44.39,999.5,0.8816,19.627,17.303
125.6667,45.08,999.6,0.8800,19.676,17.314
125.8333,44.44,999.2,0.8851,19.244,17.033
126.0000,44.66,1003.1,0.8833,19.388,17.127
126.1667,44.94,999.2,0.8795,19.342,17.011
126.3333,45.05,998.5,0.8805,19.477,17.149
126.5000,45.21,1002.9,0.8778,19.561,17.171
126.6667,44.71,1003.0,0.8813,19.303,17.011
126.8333,44.55,1002.5,0.8816,19.356,17.065
127.0000,44.83,1000.4,0.8830,19.533,17.248
127.1667,45.04,997.8,0.8818,19.188,16.920
127.3333,44.96,1000.7,0.8794,19.306,16.978
127.5000,45.16,996.5,0.8815,19.452,17.148
127.6667,45.46,1002.9,0.8771,19.586,17.178
127.8333,45.20,997.9,0.8844,19.299,17.068
128.0000,45.05,998.9,0.8813,19.387,17.085
128.1667,45.10,996.2,0.8779,19.269,16.917
128.3333,44.94,1000.0,0.8795,19.577,17.217
128.5000,44.73,999.4,0.8814,19.526,17.211
128.6667,44.95,999.2,0.8780,19.493,17.115
128.8333,45.42,998.7,0.8782,19.585,17.200
129.0000,44.92,1000.1,0.8824,19.475,17.185
129.1667,45.25,999.8,0.8798,19.653,17.291
129.3333,44.80,999.6,0.8798,19.332,17.008
129.5000,45.23,1001.1,0.8817,19.401,17.106
129.6667,44.66,999.8,0.8845,19.175,16.959
129.8333,44.90,1001.6,0.8804,19.466,17.137
130.0000,44.50,996.2,0.8829,19.243,16.990
130.1667,44.89,999.9,0.8818,19.406,17.112
130.3333,45.00,999.7,0.8801,19.200,16.899
130.5000,45.37,1000.3,0.8789,19.475,17.117
130.6667,44.86,1000.8,0.8788,19.522,17.155
130.8333,45.03,999.5,0.8789,19.391,17.043
131.0000,44.71,1002.6,0.8811,19.349,17.048
131.1667,44.62,998.8,0.8823,19.333,17.058
131.3333,45.08,1000.4,0.8809,19.258,16.964
131.5000,44.81,997.4,0.8842,19.358,17.116
131.6667,45.00,997.8,0.8776,19.579,17.182
131.8333,45.78,999.7,0.8770,19.415,17.027
132.0000,44.66,0.0,0.0000,0.000,0.000
132.1667,45.26,0.0,0.0000,0.000,0.000
132.3333,45.22,0.0,0.0000,0.000,0.000
132.5000,45.15,0.0,0.0000,0.000,0.000
132.6667,45.73,0.0,0.0000,0.000,0.000
132.8333,45.20,0.0,0.0000,0.000,0.000
133.0000,45.43,0.0,0.0000,0.000,0.000
133.1667,44.89,0.0,0.0000,0.000,0.000
133.3333,44.63,0.0,0.0000,0.000,0.000
133.5000,45.15,0.0,0.0000,0.000,0.000
133.6667,45.25,0.0,0.0000,0.000,0.000
133.8333,45.13,0.0,0.0000,0.000,0.000
134.0000,44.83,0.0,0.0000,0.000,0.000
134.1667,45.35,0.0,0.0000,0.000,0.000
134.3333,44.73,0.0,0.0000,0.000,0.000
134.5000,44.65,0.0,0.0000,0.000,0.000
134.6667,45.21,0.0,0.0000,0.000,0.000
134.8333,44.35,0.0,0.0000,0.000,0.000
135.0000,45.27,0.0,0.0000,0.000,0.000
135.1667,44.98,0.0,0.0000,0.000,0.000
135.3333,45.30,0.0,0.0000,0.000,0.000
135.5000,45.04,0.0,0.0000,0.000,0.000
135.6667,44.93,0.0,0.0000,0.000,0.000
135.8333,44.77,0.0,0.0000,0.000,0.000
136.0000,44.74,0.0,0.0000,0.000,0.000
136.1667,45.06,0.0,0.0000,0.000,0.000
136.3333,44.26,0.0,0.0000,0.000,0.000
136.5000,45.06,0.0,0.0000,0.000,0.000
136.6667,44.73,0.0,0.0000,0.000,0.000
136.8333,44.79,0.0,0.0000,0.000,0.000
137.0000,44.85,0.0,0.0000,0.000,0.000
137.1667,45.28,0.0,0.0000,0.000,0.000
137.3333,44.64,0.0,0.0000,0.000,0.000
137.5000,44.66,0.0,0.0000,0.000,0.000
137.6667,44.48,0.0,0.0000,0.000,0.000
137.8333,44.73,0.0,0.0000,0.000,0.000
138.0000,44.32,0.0,0.0000,0.000,0.000
138.1667,44.94,0.0,0.0000,0.000,0.000
138.3333,45.34,0.0,0.0000,0.000,0.000
138.5000,44.84,0.0,0.0000,0.000,0.000
138.6667,44.66,0.0,0.0000,0.000,0.000
138.8333,45.35,0.0,0.0000,0.000,0.000
139.0000,44.96,0.0,0.0000,0.000,0.000
139.1667,45.08,0.0,0.0000,0.000,0.000
139.3333,44.92,0.0,0.0000,0.000,0.000
139.5000,44.69,0.0,0.0000,0.000,0.000
139.6667,44.98,0.0,0.0000,0.000,0.000
139.8333,44.96,0.0,0.0000,0.000,0.000
140.0000,45.21,0.0,0.0000,0.000,0.000
140.1667,45.09,0.0,0.0000,0.000,0.000
140.3333,45.15,0.0,0.0000,0.000,0.000
140.5000,45.03,0.0,0.0000,0.000,0.000
140.6667,44.26,0.0,0.0000,0.000,0.000
140.8333,44.47,0.0,0.0000,0.000,0.000
141.0000,45.18,0.0,0.0000,0.000,0.000
141.1667,45.30,0.0,0.0000,0.000,0.000
141.3333,44.68,0.0,0.0000,0.000,0.000
141.5000,45.33,0.0,0.0000,0.000,0.000
141.6667,45.47,0.0,0.0000,0.000,0.000
141.8333,45.10,0.0,0.0000,0.000,0.000
142.0000,45.44,0.0,0.0000,0.000,0.000
142.1667,44.48,0.0,0.0000,0.000,0.000
142.3333,45.36,0.0,0.0000,0.000,0.000
142.5000,44.65,0.0,0.0000,0.000,0.000
142.6667,45.32,0.0,0.0000,0.000,0.000
142.8333,44.50,0.0,0.0000,0.000,0.000
143.0000,44.31,0.0,0.0000,0.000,0.000
143.1667,44.53,0.0,0.0000,0.000,0.000
143.3333,44.61,0.0,0.0000,0.000,0.000
143.5000,44.77,0.0,0.0000,0.000,0.000
143.6667,44.97,0.0,0.0000,0.000,0.000
143.8333,44.74,0.0,0.0000,0.000,0.000
144.0000,45.12,995.9,0.8780,19.274,16.923
144.1667,44.83,1000.9,0.8807,19.351,17.043
144.3333,45.12,1000.4,0.8808,19.489,17.166
144.5000,45.44,1000.3,0.8784,19.290,16.944
144.6667,45.59,1001.3,0.8787,19.245,16.911
144.8333,44.44,1001.7,0.8799,19.354,17.030
145.0000,45.56,1000.6,0.8744,19.569,17.111
145.1667,44.53,999.9,0.8812,19.340,17.042
145.3333,44.52,995.9,0.8799,19.287,16.971
145.5000,45.28,1001.5,0.8785,19.447,17.085
145.6667,44.76,997.0,0.8774,19.277,16.915
145.8333,44.36,999.6,0.8820,19.208,16.942
146.0000,45.72,1001.5,0.8740,19.525,17.065
146.1667,44.85,1001.9,0.8800,19.350,17.029
146.3333,45.14,1000.8,0.8782,19.319,16.967
146.5000,45.02,1001.3,0.8778,19.400,17.029
146.6667,45.34,1000.9,0.8779,19.338,16.977
146.8333,45.05,1001.5,0.8784,19.432,17.069
147.0000,44.90,995.3,0.8774,19.174,16.824
147.1667,44.85,999.0,0.8787,19.194,16.865
147.3333,45.15,999.8,0.8804,19.176,16.882
147.5000,44.58,998.2,0.8804,19.247,16.946
147.6667,44.65,996.4,0.8791,19.195,16.873
147.8333,45.06,997.4,0.8799,19.187,16.883
148.0000,44.85,999.1,0.8795,19.328,17.000
148.1667,45.16,1001.5,0.8743,19.339,16.908
148.3333,45.44,997.9,0.8785,19.214,16.879
148.5000,45.11,998.9,0.8798,19.211,16.902
148.6667,44.82,1001.7,0.8778,19.313,16.954
148.8333,44.93,1000.6,0.8788,19.226,16.895
149.0000,44.70,998.9,0.8799,19.338,17.015
149.1667,44.52,995.5,0.8834,19.051,16.829
149.3333,44.77,997.5,0.8788,19.089,16.776
149.5000,44.67,999.8,0.8778,19.340,16.976
149.6667,44.95,1001.2,0.8765,19.104,16.745
149.8333,45.22,1000.3,0.8801,19.293,16.980
150.0000,44.36,1001.0,0.8797,19.405,17.071
150.1667,45.14,1001.2,0.8805,19.157,16.868
150.3333,44.85,1000.8,0.8787,19.091,16.776
150.5000,44.49,999.3,0.8778,19.170,16.827
150.6667,45.11,999.3,0.8732,19.597,17.112
150.8333,45.33,1001.6,0.8762,19.195,16.818
151.0000,45.20,996.5,0.8757,19.320,16.918
151.1667,45.17,999.1,0.8780,19.277,16.926
151.3333,44.40,1000.2,0.8776,19.271,16.911
151.5000,45.15,998.1,0.8782,19.392,17.029
151.6667,44.94,1000.2,0.8802,19.253,16.947
151.8333,45.31,1000.0,0.8769,19.368,16.984
152.0000,44.36,1002.1,0.8783,19.267,16.922
152.1667,45.89,1000.1,0.8760,19.164,16.788
152.3333,44.83,1000.5,0.8780,19.412,17.043
152.5000,45.21,998.6,0.8757,19.237,16.846
152.6667,44.78,1000.4,0.8766,19.137,16.775
152.8333,44.58,1000.0,0.8801,19.147,16.851
153.0000,44.39,1000.4,0.8790,18.982,16.685
153.1667,45.10,997.2,0.8763,19.136,16.769
153.3333,45.05,1001.6,0.8778,19.315,16.955
153.5000,45.23,999.4,0.8786,19.037,16.726
153.6667,45.05,997.9,0.8769,19.265,16.894
153.8333,44.96,996.4,0.8776,19.082,16.747
154.0000,44.58,998.2,0.8785,19.020,16.709
154.1667,44.87,1003.3,0.8756,19.415,17.000
154.3333,45.08,1002.1,0.8746,19.159,16.757
154.5000,44.89,1003.1,0.8790,19.239,16.911
154.6667,45.08,1000.6,0.8762,19.138,16.769
154.8333,45.31,997.4,0.8781,19.104,16.775
155.0000,45.54,998.7,0.8751,19.190,16.793
155.1667,45.52,1002.2,0.8772,19.538,17.138
155.3333,44.46,999.4,0.8802,19.158,16.863
155.5000,45.19,1000.2,0.8763,19.363,16.967
155.6667,45.54,999.1,0.8782,19.305,16.952
155.8333,45.17,997.4,0.8759,19.075,16.708
156.0000,45.22,0.0,0.0000,0.000,0.000
156.1667,45.44,0.0,0.0000,0.000,0.000
156.3333,45.32,0.0,0.0000,0.000,0.000
156.5000,44.93,0.0,0.0000,0.000,0.000
156.6667,45.00,0.0,0.0000,0.000,0.000
156.8333,44.64,0.0,0.0000,0.000,0.000
157.0000,44.88,0.0,0.0000,0.000,0.000
157.1667,44.26,0.0,0.0000,0.000,0.000
157.3333,44.67,0.0,0.0000,0.000,0.000
157.5000,44.68,0.0,0.0000,0.000,0.000
157.6667,45.16,0.0,0.0000,0.000,0.000
157.8333,45.67,0.0,0.0000,0.000,0.000
158.0000,44.94,0.0,0.0000,0.000,0.000
158.1667,45.07,0.0,0.0000,0.000,0.000
158.3333,45.03,0.0,0.0000,0.000,0.000
158.5000,44.75,0.0,0.0000,0.000,0.000
158.6667,45.01,0.0,0.0000,0.000,0.000
158.8333,44.65,0.0,0.0000,0.000,0.000
159.0000,44.65,0.0,0.0000,0.000,0.000
159.1667,45.12,0.0,0.0000,0.000,0.000
159.3333,45.48,0.0,0.0000,0.000,0.000
159.5000,45.19,0.0,0.0000,0.000,0.000
159.6667,45.25,0.0,0.0000,0.000,0.000
159.8333,45.09,0.0,0.0000,0.000,0.000
160.0000,45.06,0.0,0.0000,0.000,0.000
160.1667,44.94,0.0,0.0000,0.000,0.000
160.3333,45.47,0.0,0.0000,0.000,0.000
160.5000,44.84,0.0,0.0000,0.000,0.000
160.6667,45.21,0.0,0.0000,0.000,0.000
160.8333,44.81,0.0,0.0000,0.000,0.000
161.0000,44.87,0.0,0.0000,0.000,0.000
161.1667,45.08,0.0,0.0000,0.000,0.000
161.3333,45.51,0.0,0.0000,0.000,0.000
161.5000,45.09,0.0,0.0000,0.000,0.000
161.6667,44.67,0.0,0.0000,0.000,0.000
161.8333,45.42,0.0,0.0000,0.000,0.000
162.0000,45.48,0.0,0.0000,0.000,0.000
162.1667,45.52,0.0,0.0000,0.000,0.000
162.3333,45.07,0.0,0.0000,0.000,0.000
162.5000,45.14,0.0,0.0000,0.000,0.000
162.6667,45.09,0.0,0.0000,0.000,0.000
162.8333,44.88,0.0,0.0000,0.000,0.000
163.0000,44.64,0.0,0.0000,0.000,0.000
163.1667,44.75,0.0,0.0000,0.000,0.000
163.3333,45.40,0.0,0.0000,0.000,0.000
163.5000,45.26,0.0,0.0000,0.000,0.000
163.6667,44.89,0.0,0.0000,0.000,0.000
163.8333,45.00,0.0,0.0000,0.000,0.000
164.0000,45.44,0.0,0.0000,0.000,0.000
164.1667,45.15,0.0,0.0000,0.000,0.000
164.3333,44.33,0.0,0.0000,0.000,0.000
164.5000,44.99,0.0,0.0000,0.000,0.000
164.6667,45.26,0.0,0.0000,0.000,0.000
164.8333,45.14,0.0,0.0000,0.000,0.000
165.0000,45.16,0.0,0.0000,0.000,0.000
165.1667,44.97,0.0,0.0000,0.000,0.000
165.3333,44.89,0.0,0.0000,0.000,0.000
165.5000,44.65,0.0,0.0000,0.000,0.000
165.6667,45.16,0.0,0.0000,0.000,0.000
165.8333,44.90,0.0,0.0000,0.000,0.000
166.0000,44.63,0.0,0.0000,0.000,0.000
166.1667,44.93,0.0,0.0000,0.000,0.000
166.3333,45.76,0.0,0.0000,0.000,0.000
166.5000,45.15,0.0,0.0000,0.000,0.000
166.6667,45.06,0.0,0.0000,0.000,0.000
166.8333,44.68,0.0,0.0000,0.000,0.000
167.0000,45.48,0.0,0.0000,0.000,0.000
167.1667,45.33,0.0,0.0000,0.000,0.000
167.3333,45.38,0.0,0.0000,0.000,0.000
167.5000,44.99,0.0,0.0000,0.000,0.000
167.6667,44.45,0.0,0.0000,0.000,0.000
167.8333,44.97,0.0,0.0000,0.000,0.000
168.0000,45.92,0.0,0.0000,0.000,0.000
