time (h),temperature (°C),irradiance (W/m^2),relative_humidity (%),voltage (V),current_density (mA/cm^2),power_density (mW/cm^2)
0.0000,19.49,454.6,62.9,0.9426,9.737,9.178
0.1667,20.30,492.0,61.9,0.9426,10.504,9.901
0.3333,21.05,498.5,61.1,0.9355,10.825,10.126
0.5000,22.77,528.5,58.2,0.9389,11.291,10.601
0.6667,22.51,524.4,59.1,0.9388,11.174,10.490
0.8333,24.32,583.7,57.7,0.9389,12.404,11.646
1.0000,23.44,571.0,57.3,0.9421,12.215,11.507
1.1667,24.28,575.4,55.1,0.9365,12.299,11.518
1.3333,26.10,623.3,53.4,0.9380,13.174,12.358
1.5000,26.12,629.6,52.8,0.9322,13.503,12.587
1.6667,25.89,603.6,53.2,0.9366,12.842,12.028
1.8333,26.95,630.0,53.3,0.9315,13.324,12.411
2.0000,28.64,676.9,50.7,0.9324,14.293,13.327
2.1667,29.36,688.4,46.9,0.9283,14.531,13.489
2.3333,28.29,643.0,51.5,0.9298,13.540,12.590
2.5000,29.19,691.7,47.5,0.9323,14.688,13.693
2.6667,28.13,631.9,51.0,0.9300,13.424,12.485
2.8333,29.99,687.7,48.9,0.9309,14.584,13.576
3.0000,30.05,694.1,47.3,0.9306,14.646,13.629
3.1667,29.32,699.2,49.4,0.9321,14.824,13.817
3.3333,29.41,680.0,47.7,0.9292,14.426,13.404
3.5000,28.81,632.0,51.0,0.9288,13.398,12.444
3.6667,28.94,631.6,47.3,0.9259,13.401,12.408
3.8333,29.18,637.3,48.0,0.9301,13.470,12.528
4.0000,29.42,658.0,47.6,0.9278,13.838,12.838
4.1667,28.49,619.8,49.9,0.9306,13.121,12.210
4.3333,29.07,590.5,49.4,0.9277,12.463,11.562
4.5000,27.96,573.4,50.0,0.9325,12.122,11.304
4.6667,28.37,575.7,50.2,0.9257,12.121,11.220
4.8333,27.55,544.9,50.2,0.9242,11.670,10.786
5.0000,26.42,518.8,51.4,0.9299,11.069,10.292
5.1667,26.85,527.7,52.2,0.9250,11.182,10.343
5.3333,26.29,478.5,53.2,0.9275,10.170,9.433
5.5000,25.93,473.8,54.1,0.9291,10.070,9.357
5.6667,25.71,446.9,53.7,0.9267,9.519,8.821
5.8333,24.08,411.2,60.5,0.9296,8.761,8.145
6.0000,23.87,399.4,56.8,0.9233,8.556,7.900
6.1667,23.26,382.4,57.0,0.9277,8.125,7.537
6.3333,22.55,354.5,56.8,0.9228,7.607,7.020
6.5000,21.82,320.5,59.8,0.9260,6.872,6.364
6.6667,20.93,298.4,62.5,0.9212,6.419,5.913
6.8333,20.32,286.0,62.1,0.9269,6.125,5.677
7.0000,19.98,245.9,61.9,0.9213,5.356,4.934
7.1667,18.50,210.4,64.8,0.9236,4.568,4.219
7.3333,18.16,186.7,64.6,0.9148,4.109,3.759
7.5000,17.68,158.6,66.0,0.9151,3.449,3.156
7.6667,16.21,131.7,67.2,0.9125,2.896,2.643
7.8333,15.77,105.8,69.5,0.9049,2.339,2.117
8.0000,15.04,86.4,68.8,0.8998,1.937,1.743
8.1667,14.90,66.8,71.7,0.8969,1.506,1.350
8.3333,13.71,42.7,72.1,0.8899,0.964,0.858
8.5000,12.47,24.0,72.7,0.8779,0.547,0.480
8.6667,12.55,8.4,73.1,0.8469,0.200,0.170
8.8333,12.76,0.0,73.4,0.0000,0.000,0.000
9.0000,12.32,0.0,73.7,0.0000,0.000,0.000
9.1667,11.83,0.0,73.4,0.0000,0.000,0.000
9.3333,11.49,0.0,75.9,0.0000,0.000,0.000
9.5000,11.79,0.0,73.5,0.0000,0.000,0.000
9.6667,10.78,0.0,76.7,0.0000,0.000,0.000
9.8333,10.92,0.0,74.4,0.0000,0.000,0.000
10.0000,11.27,0.0,75.3,0.0000,0.000,0.000
10.1667,10.71,0.0,76.4,0.0000,0.000,0.000
10.3333,10.25,0.0,78.6,0.0000,0.000,0.000
10.5000,10.21,0.0,77.5,0.0000,0.000,0.000
10.6667,9.56,0.0,78.4,0.0000,0.000,0.000
10.8333,9.83,0.0,77.2,0.0000,0.000,0.000
11.0000,9.21,0.0,80.7,0.0000,0.000,0.000
11.1667,9.45,0.0,78.8,0.0000,0.000,0.000
11.3333,8.67,0.0,79.1,0.0000,0.000,0.000
11.5000,8.98,0.0,78.8,0.0000,0.000,0.000
11.6667,8.65,0.0,79.0,0.0000,0.000,0.000
11.8333,8.29,0.0,79.1,0.0000,0.000,0.000
12.0000,7.88,0.0,79.0,0.0000,0.000,0.000
12.1667,7.33,0.0,81.1,0.0000,0.000,0.000
12.3333,7.24,0.0,82.0,0.0000,0.000,0.000
12.5000,6.37,0.0,82.1,0.0000,0.000,0.000
12.6667,6.27,0.0,84.6,0.0000,0.000,0.000
12.8333,6.17,0.0,82.7,0.0000,0.000,0.000
13.0000,6.66,0.0,82.5,0.0000,0.000,0.000
13.1667,6.39,0.0,84.6,0.0000,0.000,0.000
13.3333,5.96,0.0,84.4,0.0000,0.000,0.000
13.5000,5.38,0.0,84.0,0.0000,0.000,0.000
13.6667,5.81,0.0,84.2,0.0000,0.000,0.000
13.8333,5.08,0.0,85.7,0.0000,0.000,0.000
14.0000,4.68,0.0,86.0,0.0000,0.000,0.000
14.1667,4.58,0.0,83.5,0.0000,0.000,0.000
14.3333,3.85,0.0,87.0,0.0000,0.000,0.000
14.5000,4.01,0.0,88.2,0.0000,0.000,0.000
14.6667,3.67,0.0,87.5,0.0000,0.000,0.000
14.8333,3.93,0.0,85.4,0.0000,0.000,0.000
15.0000,3.32,0.0,88.8,0.0000,0.000,0.000
15.1667,3.57,0.0,87.2,0.0000,0.000,0.000
15.3333,3.48,0.0,86.6,0.0000,0.000,0.000
15.5000,3.14,0.0,89.0,0.0000,0.000,0.000
15.6667,3.26,0.0,87.6,0.0000,0.000,0.000
15.8333,2.79,0.0,90.1,0.0000,0.000,0.000
16.0000,2.93,0.0,88.5,0.0000,0.000,0.000
16.1667,2.99,0.0,87.5,0.0000,0.000,0.000
16.3333,2.42,0.0,88.6,0.0000,0.000,0.000
16.5000,2.41,0.0,88.7,0.0000,0.000,0.000
16.6667,2.13,0.0,89.2,0.0000,0.000,0.000
16.8333,2.06,0.0,88.8,0.0000,0.000,0.000
17.0000,2.22,0.0,90.4,0.0000,0.000,0.000
17.1667,2.45,0.0,89.9,0.0000,0.000,0.000
17.3333,2.15,0.0,88.7,0.0000,0.000,0.000
17.5000,1.86,0.0,90.0,0.0000,0.000,0.000
17.6667,2.00,0.0,89.7,0.0000,0.000,0.000
17.8333,1.98,0.0,89.1,0.0000,0.000,0.000
18.0000,1.75,0.0,90.0,0.0000,0.000,0.000
18.1667,2.03,0.0,89.4,0.0000,0.000,0.000
18.3333,1.70,0.0,89.9,0.0000,0.000,0.000
18.5000,1.70,0.0,89.4,0.0000,0.000,0.000
18.6667,2.21,0.0,88.5,0.0000,0.000,0.000
18.8333,2.05,0.0,87.4,0.0000,0.000,0.000
19.0000,2.43,0.0,88.1,0.0000,0.000,0.000
19.1667,2.24,0.0,87.6,0.0000,0.000,0.000
19.3333,2.54,0.0,89.2,0.0000,0.000,0.000
19.5000,2.48,0.0,89.4,0.0000,0.000,0.000
19.6667,2.69,0.0,87.5,0.0000,0.000,0.000
19.8333,2.55,0.0,89.0,0.0000,0.000,0.000
20.0000,2.98,0.0,88.2,0.0000,0.000,0.000
20.1667,3.39,0.0,88.0,0.0000,0.000,0.000
20.3333,3.31,0.0,88.7,0.0000,0.000,0.000
20.5000,3.18,0.0,89.0,0.0000,0.000,0.000
20.6667,3.82,0.0,87.2,0.0000,0.000,0.000
20.8333,3.73,1.5,87.0,0.8173,0.038,0.031
21.0000,4.30,15.3,87.5,0.8800,0.353,0.310
21.1667,4.45,35.1,85.2,0.9036,0.792,0.716
21.3333,6.15,54.3,84.3,0.9051,1.224,1.108
21.5000,6.44,81.5,81.9,0.9217,1.806,1.665
21.6667,7.26,107.5,80.4,0.9198,2.377,2.186
21.8333,8.32,132.2,79.5,0.9274,2.874,2.666
22.0000,9.12,153.5,79.9,0.9285,3.332,3.094
22.1667,10.27,194.9,78.2,0.9309,4.213,3.922
22.3333,11.02,209.2,78.2,0.9306,4.526,4.212
22.5000,12.50,257.4,75.6,0.9312,5.596,5.211
22.6667,12.70,272.8,71.2,0.9351,5.835,5.456
22.8333,14.17,304.2,71.2,0.9350,6.540,6.115
23.0000,14.41,323.4,71.5,0.9369,6.907,6.471
23.1667,15.91,359.5,70.4,0.9388,7.626,7.159
23.3333,17.23,385.0,65.1,0.9354,8.211,7.680
23.5000,18.11,420.2,64.9,0.9353,8.850,8.278
23.6667,18.36,452.8,63.2,0.9378,9.510,8.919
23.8333,18.91,439.0,64.2,0.9388,9.312,8.742
24.0000,21.54,520.5,60.9,0.9349,10.884,10.175
24.1667,22.03,535.2,60.6,0.9341,11.279,10.536
24.3333,21.92,528.3,57.9,0.9334,11.153,10.411
24.5000,23.27,558.9,57.7,0.9323,11.706,10.914
24.6667,24.50,596.9,54.8,0.9346,12.497,11.679
24.8333,26.09,642.8,53.3,0.9306,13.526,12.588
25.0000,25.72,643.3,54.3,0.9326,13.565,12.651
25.1667,25.81,615.2,55.4,0.9319,12.955,12.072
25.3333,26.54,642.0,52.3,0.9312,13.471,12.544
25.5000,27.89,692.0,53.5,0.9277,14.545,13.493
25.6667,27.79,691.0,51.9,0.9285,14.537,13.497
25.8333,28.66,697.1,49.4,0.9217,14.644,13.497
26.0000,29.30,728.8,49.0,0.9294,15.112,14.045
26.1667,28.68,697.0,50.5,0.9293,14.550,13.521
26.3333,29.31,697.6,48.0,0.9232,14.733,13.602
26.5000,31.09,769.2,44.8,0.9242,16.038,14.822
26.6667,30.40,743.2,48.1,0.9269,15.336,14.214
26.8333,30.50,725.5,46.0,0.9267,15.168,14.057
27.0000,30.56,714.9,47.6,0.9260,14.964,13.857
27.1667,30.78,723.7,45.5,0.9272,15.094,13.995
27.3333,31.55,741.2,46.1,0.9267,15.275,14.155
27.5000,30.02,686.5,46.7,0.9205,14.345,13.204
27.6667,30.71,704.0,46.8,0.9234,14.739,13.610
27.8333,30.07,668.8,46.6,0.9244,13.875,12.827
28.0000,30.53,678.1,46.8,0.9231,14.020,12.942
28.1667,30.69,688.9,45.0,0.9230,14.247,13.149
28.3333,30.63,688.7,48.2,0.9205,14.397,13.253
28.5000,30.36,664.4,47.9,0.9219,13.976,12.884
28.6667,28.28,588.9,52.2,0.9227,12.343,11.389
28.8333,29.45,625.7,47.0,0.9211,12.995,11.970
29.0000,28.18,572.4,51.6,0.9240,11.911,11.006
29.1667,27.59,538.8,48.7,0.9229,11.306,10.433
29.3333,27.17,514.8,49.7,0.9186,10.935,10.045
29.5000,25.60,483.0,52.1,0.9190,10.154,9.331
29.6667,26.07,495.8,53.4,0.9230,10.430,9.627
29.8333,26.21,486.1,53.4,0.9163,10.316,9.453
30.0000,25.05,427.2,55.0,0.9169,9.067,8.313
30.1667,24.42,423.1,55.0,0.9208,8.947,8.238
30.3333,23.39,373.7,57.6,0.9204,7.934,7.302
30.5000,22.11,333.9,59.7,0.9209,7.056,6.498
30.6667,21.83,324.5,59.8,0.9194,6.870,6.316
30.8333,20.86,289.8,62.5,0.9166,6.208,5.690
31.0000,20.30,264.7,61.8,0.9169,5.602,5.137
31.1667,19.24,234.3,65.0,0.9146,5.057,4.625
31.3333,18.65,206.3,63.9,0.9165,4.419,4.050
31.5000,18.22,177.0,65.5,0.9118,3.849,3.510
31.6667,16.64,143.9,68.3,0.9099,3.110,2.830
31.8333,16.17,127.8,69.2,0.9072,2.775,2.518
32.0000,14.84,87.6,68.8,0.8993,1.936,1.741
32.1667,14.56,67.9,74.3,0.8966,1.505,1.349
32.3333,13.78,46.1,71.8,0.8854,1.027,0.910
32.5000,13.33,27.9,70.3,0.8756,0.630,0.551
32.6667,12.75,9.1,73.8,0.8435,0.215,0.181
32.8333,12.20,0.0,73.6,0.0000,0.000,0.000
33.0000,11.78,0.0,75.2,0.0000,0.000,0.000
33.1667,12.17,0.0,74.0,0.0000,0.000,0.000
33.3333,11.80,0.0,74.2,0.0000,0.000,0.000
33.5000,10.98,0.0,74.0,0.0000,0.000,0.000
33.6667,11.00,0.0,76.3,0.0000,0.000,0.000
33.8333,11.09,0.0,76.1,0.0000,0.000,0.000
34.0000,10.42,0.0,76.3,0.0000,0.000,0.000
34.1667,10.26,0.0,75.8,0.0000,0.000,0.000
34.3333,9.98,0.0,78.5,0.0000,0.000,0.000
34.5000,10.31,0.0,77.6,0.0000,0.000,0.000
34.6667,9.29,0.0,78.6,0.0000,0.000,0.000
34.8333,9.49,0.0,79.6,0.0000,0.000,0.000
35.0000,9.14,0.0,78.3,0.0000,0.000,0.000
35.1667,8.82,0.0,79.3,0.0000,0.000,0.000
35.3333,9.10,0.0,78.8,0.0000,0.000,0.000
35.5000,8.15,0.0,80.3,0.0000,0.000,0.000
35.6667,7.93,0.0,80.3,0.0000,0.000,0.000
35.8333,7.94,0.0,81.1,0.0000,0.000,0.000
36.0000,7.94,0.0,80.5,0.0000,0.000,0.000
36.1667,7.21,0.0,79.4,0.0000,0.000,0.000
36.3333,7.30,0.0,81.7,0.0000,0.000,0.000
36.5000,6.72,0.0,83.6,0.0000,0.000,0.000
36.6667,6.49,0.0,81.9,0.0000,0.000,0.000
36.8333,6.62,0.0,82.2,0.0000,0.000,0.000
37.0000,6.02,0.0,83.8,0.0000,0.000,0.000
37.1667,6.14,0.0,84.1,0.0000,0.000,0.000
37.3333,5.43,0.0,84.2,0.0000,0.000,0.000
37.5000,5.44,0.0,84.0,0.0000,0.000,0.000
37.6667,5.22,0.0,85.0,0.0000,0.000,0.000
37.8333,5.08,0.0,84.8,0.0000,0.000,0.000
38.0000,4.71,0.0,85.3,0.0000,0.000,0.000
38.1667,4.16,0.0,84.7,0.0000,0.000,0.000
38.3333,4.52,0.0,87.3,0.0000,0.000,0.000
38.5000,4.25,0.0,85.3,0.0000,0.000,0.000
38.6667,4.11,0.0,86.6,0.0000,0.000,0.000
38.8333,3.58,0.0,87.7,0.0000,0.000,0.000
39.0000,3.24,0.0,88.8,0.0000,0.000,0.000
39.1667,3.15,0.0,88.4,0.0000,0.000,0.000
39.3333,3.57,0.0,88.3,0.0000,0.000,0.000
39.5000,3.19,0.0,87.7,0.0000,0.000,0.000
39.6667,2.93,0.0,88.0,0.0000,0.000,0.000
39.8333,3.30,0.0,88.4,0.0000,0.000,0.000
40.0000,3.23,0.0,87.8,0.0000,0.000,0.000
40.1667,2.84,0.0,88.8,0.0000,0.000,0.000
40.3333,3.16,0.0,87.2,0.0000,0.000,0.000
40.5000,1.64,0.0,90.2,0.0000,0.000,0.000
40.6667,2.15,0.0,89.9,0.0000,0.000,0.000
40.8333,1.80,0.0,89.7,0.0000,0.000,0.000
41.0000,2.44,0.0,89.5,0.0000,0.000,0.000
41.1667,2.08,0.0,89.7,0.0000,0.000,0.000
41.3333,2.84,0.0,88.1,0.0000,0.000,0.000
41.5000,1.85,0.0,89.6,0.0000,0.000,0.000
41.6667,2.21,0.0,88.3,0.0000,0.000,0.000
41.8333,1.71,0.0,89.9,0.0000,0.000,0.000
42.0000,1.57,0.0,90.8,0.0000,0.000,0.000
42.1667,2.09,0.0,89.9,0.0000,0.000,0.000
42.3333,2.05,0.0,89.2,0.0000,0.000,0.000
42.5000,2.18,0.0,88.9,0.0000,0.000,0.000
42.6667,1.93,0.0,89.3,0.0000,0.000,0.000
42.8333,2.14,0.0,90.4,0.0000,0.000,0.000
43.0000,2.46,0.0,88.7,0.0000,0.000,0.000
43.1667,2.56,0.0,89.0,0.0000,0.000,0.000
43.3333,2.47,0.0,87.8,0.0000,0.000,0.000
43.5000,2.33,0.0,88.0,0.0000,0.000,0.000
43.6667,2.74,0.0,88.8,0.0000,0.000,0.000
43.8333,3.25,0.0,87.6,0.0000,0.000,0.000
44.0000,3.46,0.0,87.4,0.0000,0.000,0.000
44.1667,2.88,0.0,88.1,0.0000,0.000,0.000
44.3333,3.21,0.0,87.9,0.0000,0.000,0.000
44.5000,3.28,0.0,87.5,0.0000,0.000,0.000
44.6667,3.93,0.0,86.8,0.0000,0.000,0.000
44.8333,3.77,1.2,85.9,0.8085,0.030,0.025
45.0000,4.27,12.9,84.6,0.8687,0.299,0.260
45.1667,5.06,27.9,86.0,0.8816,0.634,0.559
45.3333,5.51,48.4,84.0,0.8997,1.081,0.973
45.5000,6.21,63.6,81.8,0.9066,1.395,1.265
45.6667,6.87,88.4,81.5,0.9117,1.943,1.772
45.8333,7.54,108.3,81.3,0.9115,2.385,2.174
46.0000,7.98,125.5,80.1,0.9185,2.753,2.529
46.1667,9.06,147.4,77.5,0.9238,3.169,2.928
46.3333,9.86,171.6,78.5,0.9222,3.718,3.428
46.5000,11.39,198.1,76.7,0.9238,4.223,3.901
46.6667,11.36,229.7,74.2,0.9266,4.901,4.541
46.8333,13.14,247.2,72.0,0.9272,5.286,4.901
47.0000,13.90,277.7,73.1,0.9322,5.878,5.479
47.1667,15.00,301.5,68.8,0.9298,6.469,6.015
47.3333,14.91,303.1,70.3,0.9291,6.449,5.992
47.5000,16.06,330.4,67.6,0.9298,6.959,6.470
47.6667,17.32,372.4,65.3,0.9283,7.903,7.336
47.8333,17.13,366.9,66.6,0.9310,7.759,7.224
48.0000,18.96,429.7,62.4,0.9290,8.996,8.357
48.1667,18.42,402.6,64.7,0.9340,8.442,7.885
48.3333,20.11,447.6,64.0,0.9276,9.342,8.666
48.5000,20.98,461.9,60.9,0.9313,9.675,9.010
48.6667,22.50,500.3,57.7,0.9256,10.453,9.676
48.8333,22.47,519.4,61.1,0.9303,10.718,9.970
49.0000,23.25,530.6,57.8,0.9264,10.947,10.142
49.1667,23.00,507.7,58.5,0.9249,10.618,9.821
49.3333,23.19,540.9,58.5,0.9238,11.379,10.512
49.5000,23.82,540.1,57.4,0.9290,11.268,10.468
49.6667,24.69,561.9,56.2,0.9266,11.728,10.867
49.8333,25.05,564.8,55.1,0.9231,11.793,10.887
50.0000,26.09,597.0,53.3,0.9227,12.498,11.532
50.1667,25.27,568.8,54.5,0.9250,11.800,10.915
50.3333,27.10,615.4,52.7,0.9211,12.809,11.798
50.5000,26.32,571.3,52.9,0.9205,11.918,10.970
50.6667,26.01,577.3,53.6,0.9257,11.994,11.103
50.8333,27.44,606.3,51.1,0.9253,12.551,11.614
51.0000,27.25,597.2,52.0,0.9222,12.366,11.405
51.1667,27.27,574.2,51.6,0.9187,12.041,11.061
51.3333,27.59,596.5,50.8,0.9209,12.542,11.550
51.5000,27.34,581.9,52.9,0.9258,12.080,11.184
51.6667,27.85,594.7,50.7,0.9230,12.251,11.308
51.8333,27.81,583.7,49.8,0.9218,12.047,11.105
52.0000,27.80,567.9,53.3,0.9221,11.853,10.930
52.1667,27.02,533.0,52.8,0.9181,11.132,10.219
52.3333,26.80,543.4,51.6,0.9195,11.376,10.460
52.5000,26.60,516.8,53.9,0.9172,10.884,9.984
52.6667,26.93,505.0,51.2,0.9168,10.516,9.641
52.8333,25.64,482.0,54.5,0.9199,10.059,9.254
53.0000,26.07,477.8,53.5,0.9180,10.095,9.267
53.1667,24.97,454.0,54.9,0.9177,9.450,8.672
53.3333,25.06,456.0,56.8,0.9189,9.493,8.723
53.5000,24.29,430.4,56.5,0.9185,9.028,8.292
53.6667,23.92,405.1,56.7,0.9180,8.498,7.801
53.8333,23.06,360.3,56.9,0.9173,7.599,6.970
54.0000,22.93,358.2,58.9,0.9136,7.550,6.898
54.1667,21.66,322.0,62.8,0.9183,6.758,6.206
54.3333,22.23,326.3,61.3,0.9159,6.919,6.337
54.5000,21.41,287.5,60.5,0.9139,6.098,5.572
54.6667,20.36,264.3,61.4,0.9139,5.604,5.122
54.8333,19.78,239.8,59.8,0.9137,5.081,4.643
55.0000,19.53,217.2,62.3,0.9099,4.639,4.222
55.1667,17.94,187.5,65.2,0.9085,4.039,3.669
55.3333,17.71,174.2,68.9,0.9084,3.733,3.391
55.5000,17.13,144.9,65.9,0.9050,3.117,2.821
55.6667,16.50,119.3,68.6,0.9031,2.591,2.340
55.8333,15.48,100.9,68.5,0.9012,2.209,1.991
56.0000,14.98,75.7,70.2,0.8917,1.655,1.476
56.1667,14.32,56.5,70.6,0.8903,1.250,1.113
56.3333,13.63,38.4,74.8,0.8771,0.852,0.748
56.5000,13.69,22.7,74.3,0.8643,0.516,0.446
56.6667,12.68,7.4,74.8,0.8381,0.173,0.145
56.8333,12.33,0.0,74.5,0.0000,0.000,0.000
57.0000,12.39,0.0,72.6,0.0000,0.000,0.000
57.1667,11.74,0.0,75.4,0.0000,0.000,0.000
57.3333,11.35,0.0,75.1,0.0000,0.000,0.000
57.5000,11.56,0.0,73.0,0.0000,0.000,0.000
57.6667,10.48,0.0,76.0,0.0000,0.000,0.000
57.8333,10.74,0.0,76.1,0.0000,0.000,0.000
58.0000,10.17,0.0,77.4,0.0000,0.000,0.000
58.1667,10.66,0.0,79.6,0.0000,0.000,0.000
58.3333,10.38,0.0,77.4,0.0000,0.000,0.000
58.5000,10.17,0.0,75.7,0.0000,0.000,0.000
58.6667,10.04,0.0,76.4,0.0000,0.000,0.000
58.8333,9.51,0.0,78.9,0.0000,0.000,0.000
59.0000,8.94,0.0,77.9,0.0000,0.000,0.000
59.1667,9.30,0.0,78.4,0.0000,0.000,0.000
59.3333,9.01,0.0,77.4,0.0000,0.000,0.000
59.5000,8.05,0.0,80.1,0.0000,0.000,0.000
59.6667,9.10,0.0,78.3,0.0000,0.000,0.000
59.8333,7.97,0.0,80.6,0.0000,0.000,0.000
60.0000,8.20,0.0,79.4,0.0000,0.000,0.000
60.1667,7.72,0.0,81.8,0.0000,0.000,0.000
60.3333,7.13,0.0,82.4,0.0000,0.000,0.000
60.5000,6.96,0.0,81.2,0.0000,0.000,0.000
60.6667,6.85,0.0,83.0,0.0000,0.000,0.000
60.8333,5.73,0.0,82.3,0.0000,0.000,0.000
61.0000,6.40,0.0,83.1,0.0000,0.000,0.000
61.1667,5.92,0.0,82.8,0.0000,0.000,0.000
61.3333,5.66,0.0,84.5,0.0000,0.000,0.000
61.5000,5.55,0.0,83.6,0.0000,0.000,0.000
61.6667,5.06,0.0,85.7,0.0000,0.000,0.000
61.8333,5.00,0.0,86.3,0.0000,0.000,0.000
62.0000,4.53,0.0,85.7,0.0000,0.000,0.000
62.1667,4.57,0.0,84.6,0.0000,0.000,0.000
62.3333,4.53,0.0,83.4,0.0000,0.000,0.000
62.5000,4.13,0.0,85.7,0.0000,0.000,0.000
62.6667,3.92,0.0,86.9,0.0000,0.000,0.000
62.8333,4.07,0.0,86.6,0.0000,0.000,0.000
63.0000,3.88,0.0,85.8,0.0000,0.000,0.000
63.1667,3.59,0.0,86.4,0.0000,0.000,0.000
63.3333,3.09,0.0,87.4,0.0000,0.000,0.000
63.5000,2.80,0.0,87.2,0.0000,0.000,0.000
63.6667,3.16,0.0,87.3,0.0000,0.000,0.000
63.8333,2.51,0.0,89.5,0.0000,0.000,0.000
64.0000,2.93,0.0,87.9,0.0000,0.000,0.000
64.1667,2.79,0.0,88.4,0.0000,0.000,0.000
64.3333,2.72,0.0,87.4,0.0000,0.000,0.000
64.5000,1.94,0.0,90.5,0.0000,0.000,0.000
64.6667,2.62,0.0,88.0,0.0000,0.000,0.000
64.8333,2.40,0.0,88.5,0.0000,0.000,0.000
65.0000,2.11,0.0,86.1,0.0000,0.000,0.000
65.1667,2.46,0.0,88.3,0.0000,0.000,0.000
65.3333,1.73,0.0,90.5,0.0000,0.000,0.000
65.5000,1.93,0.0,90.8,0.0000,0.000,0.000
65.6667,1.78,0.0,90.8,0.0000,0.000,0.000
65.8333,1.69,0.0,90.5,0.0000,0.000,0.000
66.0000,2.44,0.0,87.7,0.0000,0.000,0.000
66.1667,2.05,0.0,90.8,0.0000,0.000,0.000
66.3333,1.69,0.0,90.6,0.0000,0.000,0.000
66.5000,2.43,0.0,88.1,0.0000,0.000,0.000
66.6667,1.95,0.0,88.1,0.0000,0.000,0.000
66.8333,2.54,0.0,90.1,0.0000,0.000,0.000
67.0000,2.28,0.0,91.0,0.0000,0.000,0.000
67.1667,2.02,0.0,89.3,0.0000,0.000,0.000
67.3333,2.51,0.0,89.6,0.0000,0.000,0.000
67.5000,2.79,0.0,88.0,0.0000,0.000,0.000
67.6667,2.54,0.0,88.9,0.0000,0.000,0.000
67.8333,2.57,0.0,88.9,0.0000,0.000,0.000
68.0000,3.17,0.0,90.9,0.0000,0.000,0.000
68.1667,3.62,0.0,84.7,0.0000,0.000,0.000
68.3333,3.33,0.0,88.1,0.0000,0.000,0.000
68.5000,2.94,0.0,87.7,0.0000,0.000,0.000
68.6667,4.15,0.0,86.0,0.0000,0.000,0.000
68.8333,4.00,1.2,86.3,0.8092,0.031,0.025
69.0000,4.21,13.0,86.5,0.8692,0.298,0.259
69.1667,4.75,30.5,84.8,0.8868,0.688,0.610
69.3333,5.83,47.8,85.6,0.8948,1.063,0.951
69.5000,5.96,66.0,81.6,0.9025,1.467,1.324
69.6667,6.91,87.7,82.5,0.9098,1.929,1.755
69.8333,8.06,109.7,81.2,0.9125,2.373,2.165
70.0000,9.10,135.4,80.0,0.9183,2.922,2.683
70.1667,9.98,153.9,75.6,0.9182,3.324,3.052
70.3333,10.54,184.5,77.2,0.9201,3.968,3.651
70.5000,10.85,204.9,76.4,0.9260,4.357,4.035
70.6667,11.78,224.5,74.1,0.9253,4.768,4.411
70.8333,12.02,243.9,73.7,0.9270,5.204,4.824
71.0000,13.78,273.6,72.7,0.9254,5.801,5.369
71.1667,14.63,304.2,70.6,0.9274,6.407,5.942
71.3333,15.27,319.0,69.9,0.9278,6.735,6.249
71.5000,16.59,339.5,68.7,0.9274,7.224,6.700
71.6667,17.16,367.5,66.2,0.9272,7.692,7.132
71.8333,17.29,357.8,65.2,0.9277,7.498,6.956
72.0000,18.38,417.8,65.7,0.9298,8.691,8.081
72.1667,19.26,421.6,62.9,0.9248,8.762,8.103
72.3333,20.07,447.3,62.4,0.9251,9.347,8.647
72.5000,20.99,455.0,61.1,0.9296,9.446,8.781
72.6667,20.81,469.2,63.7,0.9289,9.784,9.088
72.8333,22.56,524.3,60.0,0.9272,10.972,10.173
73.0000,23.68,545.8,55.7,0.9260,11.231,10.400
73.1667,23.34,524.1,56.8,0.9228,10.912,10.070
73.3333,22.72,514.7,57.8,0.9276,10.595,9.828
73.5000,24.51,546.1,54.6,0.9237,11.294,10.432
73.6667,24.56,547.6,56.2,0.9222,11.415,10.526
73.8333,26.47,612.3,51.9,0.9248,12.640,11.690
74.0000,26.96,599.2,50.9,0.9244,12.312,11.380
74.1667,26.00,588.6,54.4,0.9242,12.148,11.227
74.3333,27.26,631.4,52.7,0.9208,13.051,12.018
74.5000,27.13,599.3,50.2,0.9215,12.382,11.410
74.6667,27.04,596.5,50.1,0.9199,12.409,11.415
74.8333,27.84,616.5,50.3,0.9200,12.815,11.790
75.0000,27.47,605.1,52.0,0.9188,12.479,11.466
75.1667,27.57,604.1,52.8,0.9199,12.590,11.582
75.3333,28.07,611.0,50.5,0.9179,12.652,11.613
75.5000,27.53,564.3,51.4,0.9179,11.656,10.699
75.6667,28.23,586.1,52.0,0.9193,12.188,11.204
75.8333,27.96,574.6,50.3,0.9174,11.862,10.882
76.0000,28.56,587.8,50.5,0.9212,12.124,11.169
76.1667,27.72,557.9,51.5,0.9210,11.436,10.533
76.3333,27.20,557.7,51.5,0.9171,11.562,10.604
76.5000,26.56,523.6,52.9,0.9163,10.782,9.879
76.6667,26.74,532.0,54.6,0.9209,10.940,10.075
76.8333,26.52,504.5,51.6,0.9179,10.477,9.616
77.0000,26.63,482.9,51.5,0.9122,10.143,9.253
77.1667,25.36,460.6,54.7,0.9145,9.582,8.763
77.3333,24.85,431.9,55.7,0.9147,8.960,8.196
77.5000,25.25,440.3,55.4,0.9136,9.277,8.476
77.6667,23.84,395.7,57.8,0.9152,8.322,7.617
77.8333,23.62,378.7,54.7,0.9178,7.859,7.212
78.0000,22.62,352.4,56.9,0.9155,7.403,6.777
78.1667,22.60,330.9,59.3,0.9163,6.983,6.398
78.3333,21.25,298.4,60.3,0.9162,6.241,5.718
78.5000,21.34,290.9,62.4,0.9129,6.090,5.559
78.6667,20.92,265.2,59.2,0.9116,5.616,5.119
78.8333,20.06,241.8,61.7,0.9071,5.146,4.668
79.0000,18.64,207.1,66.2,0.9110,4.396,4.005
79.1667,18.44,185.1,62.8,0.9079,3.944,3.581
79.3333,17.62,161.6,66.8,0.9067,3.448,3.126
79.5000,16.79,142.8,67.5,0.9041,3.066,2.772
79.6667,15.77,120.1,68.6,0.9020,2.581,2.328
79.8333,15.82,98.2,67.8,0.8934,2.149,1.920
80.0000,15.23,77.0,70.3,0.8913,1.683,1.500
80.1667,13.55,59.1,71.8,0.8851,1.301,1.152
80.3333,13.61,38.5,71.0,0.8794,0.856,0.753
80.5000,12.91,21.7,73.3,0.8646,0.490,0.423
80.6667,12.90,7.9,74.0,0.8354,0.183,0.153
80.8333,11.86,0.0,74.5,0.0000,0.000,0.000
81.0000,12.07,0.0,74.1,0.0000,0.000,0.000
81.1667,11.49,0.0,76.0,0.0000,0.000,0.000
81.3333,11.61,0.0,75.4,0.0000,0.000,0.000
81.5000,11.85,0.0,75.3,0.0000,0.000,0.000
81.6667,11.25,0.0,75.7,0.0000,0.000,0.000
81.8333,10.94,0.0,76.9,0.0000,0.000,0.000
82.0000,10.84,0.0,78.0,0.0000,0.000,0.000
82.1667,10.66,0.0,75.5,0.0000,0.000,0.000
82.3333,9.99,0.0,78.2,0.0000,0.000,0.000
82.5000,9.94,0.0,76.8,0.0000,0.000,0.000
82.6667,9.58,0.0,79.1,0.0000,0.000,0.000
82.8333,9.71,0.0,77.8,0.0000,0.000,0.000
83.0000,9.68,0.0,78.0,0.0000,0.000,0.000
83.1667,8.87,0.0,78.3,0.0000,0.000,0.000
83.3333,8.83,0.0,79.2,0.0000,0.000,0.000
83.5000,8.37,0.0,78.4,0.0000,0.000,0.000
83.6667,8.33,0.0,79.6,0.0000,0.000,0.000
83.8333,8.28,0.0,79.4,0.0000,0.000,0.000
84.0000,7.76,0.0,80.5,0.0000,0.000,0.000
84.1667,7.50,0.0,80.6,0.0000,0.000,0.000
84.3333,7.56,0.0,83.6,0.0000,0.000,0.000
84.5000,7.08,0.0,82.7,0.0000,0.000,0.000
84.6667,6.75,0.0,84.6,0.0000,0.000,0.000
84.8333,6.41,0.0,85.1,0.0000,0.000,0.000
85.0000,6.64,0.0,82.5,0.0000,0.000,0.000
85.1667,6.21,0.0,84.4,0.0000,0.000,0.000
85.3333,5.46,0.0,85.0,0.0000,0.000,0.000
85.5000,5.49,0.0,85.3,0.0000,0.000,0.000
85.6667,4.72,0.0,86.8,0.0000,0.000,0.000
85.8333,5.07,0.0,85.8,0.0000,0.000,0.000
86.0000,4.17,0.0,84.8,0.0000,0.000,0.000
86.1667,4.46,0.0,87.1,0.0000,0.000,0.000
86.3333,4.63,0.0,84.5,0.0000,0.000,0.000
86.5000,3.87,0.0,88.3,0.0000,0.000,0.000
86.6667,3.99,0.0,88.5,0.0000,0.000,0.000
86.8333,3.45,0.0,88.8,0.0000,0.000,0.000
87.0000,3.62,0.0,87.3,0.0000,0.000,0.000
87.1667,3.38,0.0,87.0,0.0000,0.000,0.000
87.3333,3.29,0.0,87.5,0.0000,0.000,0.000
87.5000,3.12,0.0,89.0,0.0000,0.000,0.000
87.6667,2.97,0.0,87.4,0.0000,0.000,0.000
87.8333,3.09,0.0,88.0,0.0000,0.000,0.000
88.0000,2.41,0.0,90.2,0.0000,0.000,0.000
88.1667,2.93,0.0,87.9,0.0000,0.000,0.000
88.3333,2.91,0.0,87.2,0.0000,0.000,0.000
88.5000,2.05,0.0,87.8,0.0000,0.000,0.000
88.6667,2.54,0.0,88.6,0.0000,0.000,0.000
88.8333,2.04,0.0,90.2,0.0000,0.000,0.000
89.0000,2.04,0.0,91.3,0.0000,0.000,0.000
89.1667,2.58,0.0,87.4,0.0000,0.000,0.000
89.3333,2.10,0.0,89.9,0.0000,0.000,0.000
89.5000,1.53,0.0,88.8,0.0000,0.000,0.000
89.6667,2.05,0.0,89.9,0.0000,0.000,0.000
89.8333,1.98,0.0,89.1,0.0000,0.000,0.000
90.0000,1.53,0.0,90.9,0.0000,0.000,0.000
90.1667,2.13,0.0,89.3,0.0000,0.000,0.000
90.3333,1.61,0.0,91.4,0.0000,0.000,0.000
90.5000,2.17,0.0,90.8,0.0000,0.000,0.000
90.6667,2.39,0.0,87.9,0.0000,0.000,0.000
90.8333,1.98,0.0,89.6,0.0000,0.000,0.000
91.0000,2.33,0.0,89.7,0.0000,0.000,0.000
91.1667,2.48,0.0,89.1,0.0000,0.000,0.000
91.3333,3.10,0.0,86.6,0.0000,0.000,0.000
91.5000,3.19,0.0,85.9,0.0000,0.000,0.000
91.6667,2.47,0.0,89.7,0.0000,0.000,0.000
91.8333,2.84,0.0,88.6,0.0000,0.000,0.000
92.0000,3.25,0.0,88.2,0.0000,0.000,0.000
92.1667,2.88,0.0,87.9,0.0000,0.000,0.000
92.3333,3.85,0.0,86.7,0.0000,0.000,0.000
92.5000,3.26,0.0,86.0,0.0000,0.000,0.000
92.6667,3.71,0.0,86.0,0.0000,0.000,0.000
92.8333,3.76,1.6,86.1,0.8126,0.039,0.032
93.0000,4.02,16.2,86.9,0.8703,0.365,0.317
93.1667,5.28,32.9,82.8,0.8869,0.732,0.649
93.3333,5.37,56.1,85.1,0.9010,1.228,1.107
93.5000,6.65,84.2,81.6,0.9083,1.810,1.644
93.6667,7.61,107.2,81.3,0.9105,2.323,2.115
93.8333,8.32,133.1,81.6,0.9190,2.868,2.635
94.0000,9.11,160.3,82.0,0.9192,3.402,3.127
94.1667,9.81,179.2,75.8,0.9225,3.829,3.532
94.3333,11.00,217.4,74.6,0.9202,4.588,4.223
94.5000,12.28,250.3,73.3,0.9225,5.269,4.861
94.6667,12.86,281.7,72.2,0.9245,5.995,5.542
94.8333,14.73,332.8,70.6,0.9303,6.953,6.469
95.0000,15.14,345.6,69.4,0.9255,7.252,6.712
95.1667,16.17,382.4,68.3,0.9251,7.996,7.397
95.3333,16.44,385.0,69.0,0.9281,8.006,7.430
95.5000,18.16,422.7,64.5,0.9281,8.750,8.121
95.6667,19.27,449.3,64.1,0.9258,9.405,8.707
95.8333,19.48,472.1,63.8,0.9280,9.709,9.009
96.0000,21.09,513.7,61.5,0.9249,10.661,9.861
96.1667,22.65,563.4,59.4,0.9225,11.775,10.862
96.3333,22.82,539.9,58.5,0.9249,11.197,10.356
96.5000,23.46,569.7,55.6,0.9258,11.800,10.925
96.6667,23.75,583.7,56.2,0.9239,12.040,11.124
96.8333,24.90,603.9,55.7,0.9259,12.433,11.511
97.0000,26.33,655.6,52.3,0.9239,13.461,12.437
97.1667,25.97,655.5,52.5,0.9235,13.453,12.423
97.3333,26.65,665.1,53.0,0.9218,13.738,12.664
97.5000,28.26,697.9,50.0,0.9220,14.426,13.301
97.6667,30.10,778.9,46.2,0.9217,15.939,14.691
97.8333,27.79,673.0,48.9,0.9248,13.906,12.861
98.0000,29.55,734.6,48.3,0.9184,14.962,13.740
98.1667,30.33,734.9,46.2,0.9160,15.149,13.877
98.3333,29.21,709.0,48.4,0.9183,14.603,13.411
98.5000,30.94,740.6,44.8,0.9206,15.037,13.842
98.6667,29.80,720.1,48.3,0.9215,14.718,13.562
98.8333,31.14,758.0,46.2,0.9195,15.591,14.337
99.0000,31.08,746.2,45.8,0.9182,15.306,14.054
99.1667,31.09,746.4,46.8,0.9172,15.192,13.934
99.3333,31.11,745.4,45.8,0.9185,15.356,14.103
99.5000,30.53,711.6,46.5,0.9190,14.689,13.500
99.6667,30.81,699.3,45.8,0.9172,14.328,13.142
99.8333,32.42,764.2,44.3,0.9177,15.526,14.247
100.0000,30.43,679.1,47.0,0.9158,13.895,12.725
100.1667,30.56,672.3,46.7,0.9164,13.736,12.588
100.3333,29.77,643.5,47.3,0.9168,13.221,12.121
100.5000,30.82,669.6,45.0,0.9127,13.834,12.626
100.6667,29.98,642.5,47.5,0.9143,13.192,12.062
100.8333,29.97,641.3,48.0,0.9163,13.216,12.110
101.0000,28.37,595.2,49.6,0.9119,12.320,11.234
101.1667,28.03,560.2,50.4,0.9151,11.609,10.624
101.3333,28.29,569.2,49.7,0.9154,11.693,10.703
101.5000,27.38,538.1,51.1,0.9150,11.137,10.191
101.6667,26.67,503.1,54.0,0.9142,10.404,9.512
101.8333,25.32,458.2,54.7,0.9172,9.434,8.653
102.0000,25.10,445.0,55.6,0.9164,9.213,8.443
102.1667,23.77,410.3,58.6,0.9162,8.483,7.772
102.3333,24.36,395.6,56.2,0.9127,8.181,7.466
102.5000,23.07,362.3,58.1,0.9172,7.541,6.916
102.6667,22.26,345.6,59.1,0.9160,7.209,6.604
102.8333,21.49,288.8,61.7,0.9127,6.057,5.529
103.0000,20.08,267.0,62.1,0.9098,5.670,5.158
103.1667,19.82,240.4,62.6,0.9073,5.079,4.608
103.3333,18.84,216.8,64.5,0.9054,4.613,4.177
103.5000,17.54,178.4,67.7,0.9073,3.761,3.412
103.6667,17.03,144.0,67.2,0.9048,3.060,2.768
103.8333,15.96,120.9,68.3,0.8980,2.599,2.334
104.0000,15.26,100.0,68.8,0.8960,2.168,1.943
104.1667,15.10,73.2,69.1,0.8848,1.595,1.411
104.3333,13.44,48.8,72.1,0.8845,1.075,0.951
104.5000,13.43,28.2,70.9,0.8661,0.637,0.551
104.6667,13.12,9.8,72.8,0.8448,0.224,0.189
104.8333,12.21,0.0,75.3,0.0000,0.000,0.000
105.0000,11.42,0.0,73.7,0.0000,0.000,0.000
105.1667,11.89,0.0,75.0,0.0000,0.000,0.000
105.3333,11.59,0.0,76.0,0.0000,0.000,0.000
105.5000,11.30,0.0,75.8,0.0000,0.000,0.000
105.6667,10.77,0.0,74.0,0.0000,0.000,0.000
105.8333,10.99,0.0,76.8,0.0000,0.000,0.000
106.0000,11.07,0.0,75.1,0.0000,0.000,0.000
106.1667,10.31,0.0,77.0,0.0000,0.000,0.000
106.3333,9.99,0.0,80.2,0.0000,0.000,0.000
106.5000,10.15,0.0,76.4,0.0000,0.000,0.000
106.6667,9.60,0.0,76.9,0.0000,0.000,0.000
106.8333,9.34,0.0,78.1,0.0000,0.000,0.000
107.0000,9.13,0.0,76.8,0.0000,0.000,0.000
107.1667,9.75,0.0,77.7,0.0000,0.000,0.000
107.3333,8.66,0.0,78.8,0.0000,0.000,0.000
107.5000,8.49,0.0,80.1,0.0000,0.000,0.000
107.6667,7.56,0.0,81.0,0.0000,0.000,0.000
107.8333,8.32,0.0,80.9,0.0000,0.000,0.000
108.0000,7.75,0.0,80.8,0.0000,0.000,0.000
108.1667,7.39,0.0,81.1,0.0000,0.000,0.000
108.3333,7.07,0.0,79.9,0.0000,0.000,0.000
108.5000,7.77,0.0,81.4,0.0000,0.000,0.000
108.6667,6.70,0.0,82.4,0.0000,0.000,0.000
108.8333,6.41,0.0,83.8,0.0000,0.000,0.000
109.0000,6.41,0.0,82.2,0.0000,0.000,0.000
109.1667,6.04,0.0,84.0,0.0000,0.000,0.000
109.3333,5.68,0.0,83.4,0.0000,0.000,0.000
109.5000,5.48,0.0,84.5,0.0000,0.000,0.000
109.6667,5.24,0.0,85.4,0.0000,0.000,0.000
109.8333,5.07,0.0,85.0,0.0000,0.000,0.000
110.0000,4.60,0.0,85.3,0.0000,0.000,0.000
110.1667,4.42,0.0,86.9,0.0000,0.000,0.000
110.3333,4.54,0.0,86.4,0.0000,0.000,0.000
110.5000,3.90,0.0,87.0,0.0000,0.000,0.000
110.6667,4.25,0.0,85.2,0.0000,0.000,0.000
110.8333,3.53,0.0,86.9,0.0000,0.000,0.000
111.0000,3.13,0.0,89.7,0.0000,0.000,0.000
111.1667,3.80,0.0,85.4,0.0000,0.000,0.000
111.3333,3.21,0.0,87.3,0.0000,0.000,0.000
111.5000,3.10,0.0,88.5,0.0000,0.000,0.000
111.6667,3.38,0.0,86.5,0.0000,0.000,0.000
111.8333,3.18,0.0,86.8,0.0000,0.000,0.000
112.0000,2.79,0.0,86.9,0.0000,0.000,0.000
112.1667,2.58,0.0,87.3,0.0000,0.000,0.000
112.3333,2.42,0.0,89.2,0.0000,0.000,0.000
112.5000,2.19,0.0,89.4,0.0000,0.000,0.000
112.6667,2.74,0.0,88.3,0.0000,0.000,0.000
112.8333,2.24,0.0,87.8,0.0000,0.000,0.000
113.0000,1.99,0.0,88.7,0.0000,0.000,0.000
113.1667,2.20,0.0,89.1,0.0000,0.000,0.000
113.3333,1.79,0.0,89.8,0.0000,0.000,0.000
113.5000,1.21,0.0,90.0,0.0000,0.000,0.000
113.6667,1.85,0.0,90.1,0.0000,0.000,0.000
113.8333,2.64,0.0,88.1,0.0000,0.000,0.000
114.0000,1.90,0.0,89.1,0.0000,0.000,0.000
114.1667,2.05,0.0,87.7,0.0000,0.000,0.000
114.3333,2.25,0.0,88.0,0.0000,0.000,0.000
114.5000,2.16,0.0,88.4,0.0000,0.000,0.000
114.6667,2.28,0.0,90.4,0.0000,0.000,0.000
114.8333,2.06,0.0,91.4,0.0000,0.000,0.000
115.0000,2.07,0.0,89.2,0.0000,0.000,0.000
115.1667,2.30,0.0,89.7,0.0000,0.000,0.000
115.3333,2.37,0.0,88.9,0.0000,0.000,0.000
115.5000,2.57,0.0,90.4,0.0000,0.000,0.000
115.6667,2.90,0.0,90.5,0.0000,0.000,0.000
115.8333,2.19,0.0,89.1,0.0000,0.000,0.000
116.0000,3.27,0.0,87.7,0.0000,0.000,0.000
116.1667,3.24,0.0,87.8,0.0000,0.000,0.000
116.3333,3.22,0.0,88.4,0.0000,0.000,0.000
116.5000,4.08,0.0,85.4,0.0000,0.000,0.000
116.6667,3.40,0.0,88.6,0.0000,0.000,0.000
116.8333,3.79,1.7,87.6,0.8141,0.040,0.033
117.0000,4.63,15.7,84.6,0.8671,0.360,0.312
117.1667,5.02,35.6,84.1,0.8869,0.790,0.700
117.3333,5.63,61.5,82.5,0.9010,1.344,1.211
117.5000,6.66,86.6,83.5,0.9060,1.883,1.706
117.6667,7.49,112.3,82.7,0.9146,2.409,2.203
117.8333,8.88,154.2,79.5,0.9221,3.277,3.022
118.0000,9.29,174.4,80.2,0.9210,3.685,3.394
118.1667,10.68,202.6,76.9,0.9187,4.297,3.948
118.3333,11.90,233.9,73.5,0.9218,4.965,4.577
118.5000,12.24,263.7,73.6,0.9236,5.535,5.112
118.6667,13.35,286.2,73.1,0.9283,6.017,5.586
118.8333,14.94,327.5,68.8,0.9285,6.778,6.294
119.0000,16.00,355.2,68.3,0.9246,7.408,6.849
119.1667,16.49,389.4,67.1,0.9298,8.057,7.491
119.3333,17.64,414.3,64.1,0.9227,8.654,7.986
119.5000,18.85,467.3,63.5,0.9252,9.625,8.905
119.6667,20.13,491.7,63.8,0.9272,10.082,9.348
119.8333,21.40,533.6,59.9,0.9278,10.926,10.137
120.0000,21.74,528.8,60.0,0.9266,10.856,10.059
120.1667,21.98,536.3,59.1,0.9244,11.104,10.265
120.3333,23.61,595.8,58.2,0.9245,12.237,11.312
120.5000,24.18,592.9,56.6,0.9262,12.151,11.254
120.6667,24.58,618.1,55.5,0.9252,12.653,11.706
120.8333,25.45,636.3,54.8,0.9189,13.133,12.068
121.0000,26.67,666.0,52.6,0.9196,13.639,12.542
121.1667,27.78,686.4,49.4,0.9201,13.970,12.854
121.3333,29.07,758.9,49.4,0.9178,15.548,14.269
121.5000,28.54,717.1,49.6,0.9214,14.564,13.419
121.6667,29.70,749.5,47.2,0.9200,15.145,13.934
121.8333,29.97,756.5,46.7,0.9163,15.446,14.153
122.0000,29.69,741.6,47.3,0.9151,15.110,13.827
122.1667,30.16,775.7,48.9,0.9153,15.913,14.566
122.3333,30.65,768.4,46.6,0.9163,15.688,14.375
122.5000,31.83,774.7,45.0,0.9112,15.909,14.496
122.6667,31.60,786.5,45.7,0.9172,15.974,14.651
122.8333,30.90,754.5,44.9,0.9163,15.325,14.042
123.0000,32.18,802.6,43.8,0.9177,16.298,14.957
123.1667,31.48,761.1,44.3,0.9164,15.333,14.051
123.3333,31.39,775.7,44.4,0.9124,15.855,14.467
123.5000,31.26,751.1,43.8,0.9159,15.279,13.995
123.6667,31.71,751.8,43.7,0.9152,15.370,14.067
123.8333,30.65,695.7,46.1,0.9170,14.169,12.993
124.0000,31.97,750.1,46.2,0.9159,15.229,13.949
124.1667,31.46,722.0,45.0,0.9119,14.635,13.346
124.3333,31.23,717.8,46.3,0.9128,14.737,13.451
124.5000,31.62,720.6,44.9,0.9144,14.920,13.643
124.6667,30.15,665.8,47.6,0.9133,13.642,12.459
124.8333,31.09,683.5,46.4,0.9139,13.845,12.654
125.0000,30.07,656.5,48.2,0.9136,13.439,12.278
125.1667,29.53,603.8,46.6,0.9093,12.509,11.374
125.3333,29.32,601.3,48.5,0.9115,12.323,11.233
125.5000,28.49,570.5,50.8,0.9128,11.641,10.625
125.6667,26.52,495.0,52.9,0.9154,10.089,9.236
125.8333,26.40,500.5,53.1,0.9131,10.255,9.364
126.0000,25.65,467.9,54.1,0.9118,9.578,8.733
126.1667,25.11,431.4,55.6,0.9175,8.859,8.128
126.3333,24.50,427.7,55.5,0.9140,8.788,8.032
126.5000,23.14,374.2,57.5,0.9123,7.741,7.062
126.6667,23.16,352.2,57.4,0.9100,7.360,6.697
126.8333,21.50,320.2,59.8,0.9129,6.678,6.097
127.0000,20.01,282.5,61.5,0.9117,5.930,5.406
127.1667,19.85,247.1,61.8,0.9093,5.177,4.707
127.3333,19.16,222.6,65.6,0.9056,4.637,4.199
127.5000,18.34,189.6,65.7,0.9059,4.001,3.625
127.6667,17.15,161.9,66.6,0.9039,3.414,3.086
127.8333,16.34,127.5,68.3,0.8951,2.740,2.453
128.0000,15.57,101.2,69.3,0.8962,2.169,1.943
128.1667,14.94,77.3,70.5,0.8890,1.678,1.491
128.3333,14.22,49.5,70.7,0.8770,1.084,0.951
128.5000,13.20,29.5,72.4,0.8691,0.655,0.570
128.6667,12.80,10.2,72.3,0.8425,0.234,0.198
128.8333,12.31,0.0,74.3,0.0000,0.000,0.000
129.0000,12.26,0.0,74.2,0.0000,0.000,0.000
129.1667,11.66,0.0,76.0,0.0000,0.000,0.000
129.3333,11.72,0.0,74.9,0.0000,0.000,0.000
129.5000,10.98,0.0,76.5,0.0000,0.000,0.000
129.6667,11.18,0.0,75.6,0.0000,0.000,0.000
129.8333,11.69,0.0,74.1,0.0000,0.000,0.000
130.0000,11.31,0.0,77.5,0.0000,0.000,0.000
130.1667,10.54,0.0,76.4,0.0000,0.000,0.000
130.3333,10.21,0.0,77.1,0.0000,0.000,0.000
130.5000,9.98,0.0,76.7,0.0000,0.000,0.000
130.6667,9.53,0.0,77.6,0.0000,0.000,0.000
130.8333,9.44,0.0,77.1,0.0000,0.000,0.000
131.0000,9.32,0.0,77.8,0.0000,0.000,0.000
131.1667,9.21,0.0,78.2,0.0000,0.000,0.000
131.3333,9.02,0.0,78.4,0.0000,0.000,0.000
131.5000,8.84,0.0,78.5,0.0000,0.000,0.000
131.6667,8.26,0.0,79.0,0.0000,0.000,0.000
131.8333,7.73,0.0,80.3,0.0000,0.000,0.000
132.0000,7.73,0.0,79.6,0.0000,0.000,0.000
132.1667,7.44,0.0,81.8,0.0000,0.000,0.000
132.3333,7.21,0.0,82.5,0.0000,0.000,0.000
132.5000,6.36,0.0,82.4,0.0000,0.000,0.000
132.6667,5.99,0.0,86.6,0.0000,0.000,0.000
132.8333,6.17,0.0,83.8,0.0000,0.000,0.000
133.0000,6.03,0.0,81.8,0.0000,0.000,0.000
133.1667,5.68,0.0,84.2,0.0000,0.000,0.000
133.3333,5.44,0.0,84.2,0.0000,0.000,0.000
133.5000,5.58,0.0,83.5,0.0000,0.000,0.000
133.6667,4.99,0.0,86.4,0.0000,0.000,0.000
133.8333,5.02,0.0,85.9,0.0000,0.000,0.000
134.0000,4.54,0.0,84.4,0.0000,0.000,0.000
134.1667,4.65,0.0,86.0,0.0000,0.000,0.000
134.3333,4.80,0.0,85.1,0.0000,0.000,0.000
134.5000,3.47,0.0,86.7,0.0000,0.000,0.000
134.6667,3.61,0.0,88.2,0.0000,0.000,0.000
134.8333,3.87,0.0,88.8,0.0000,0.000,0.000
135.0000,3.27,0.0,86.6,0.0000,0.000,0.000
135.1667,3.62,0.0,86.7,0.0000,0.000,0.000
135.3333,2.96,0.0,88.8,0.0000,0.000,0.000
135.5000,3.25,0.0,88.3,0.0000,0.000,0.000
135.6667,2.39,0.0,90.6,0.0000,0.000,0.000
135.8333,2.97,0.0,88.4,0.0000,0.000,0.000
136.0000,2.49,0.0,90.1,0.0000,0.000,0.000
136.1667,2.46,0.0,90.5,0.0000,0.000,0.000
136.3333,2.49,0.0,89.6,0.0000,0.000,0.000
136.5000,2.07,0.0,89.5,0.0000,0.000,0.000
136.6667,2.17,0.0,90.1,0.0000,0.000,0.000
136.8333,2.29,0.0,89.4,0.0000,0.000,0.000
137.0000,2.33,0.0,89.3,0.0000,0.000,0.000
137.1667,2.07,0.0,90.0,0.0000,0.000,0.000
137.3333,2.20,0.0,88.1,0.0000,0.000,0.000
137.5000,2.17,0.0,89.2,0.0000,0.000,0.000
137.6667,2.40,0.0,89.1,0.0000,0.000,0.000
137.8333,1.98,0.0,89.6,0.0000,0.000,0.000
138.0000,2.06,0.0,90.0,0.0000,0.000,0.000
138.1667,1.91,0.0,88.9,0.0000,0.000,0.000
138.3333,2.26,0.0,88.3,0.0000,0.000,0.000
138.5000,2.52,0.0,89.6,0.0000,0.000,0.000
138.6667,1.97,0.0,89.4,0.0000,0.000,0.000
138.8333,2.72,0.0,89.1,0.0000,0.000,0.000
139.0000,2.05,0.0,87.5,0.0000,0.000,0.000
139.1667,2.45,0.0,88.4,0.0000,0.000,0.000
139.3333,1.98,0.0,89.6,0.0000,0.000,0.000
139.5000,2.78,0.0,88.9,0.0000,0.000,0.000
139.6667,3.17,0.0,88.5,0.0000,0.000,0.000
139.8333,2.48,0.0,87.4,0.0000,0.000,0.000
140.0000,2.85,0.0,89.8,0.0000,0.000,0.000
140.1667,3.53,0.0,85.7,0.0000,0.000,0.000
140.3333,3.17,0.0,89.3,0.0000,0.000,0.000
140.5000,3.43,0.0,87.3,0.0000,0.000,0.000
140.6667,2.98,0.0,89.3,0.0000,0.000,0.000
140.8333,3.76,1.5,86.6,0.8075,0.035,0.029
141.0000,4.60,14.3,84.2,0.8647,0.326,0.282
141.1667,5.29,32.2,85.8,0.8825,0.707,0.624
141.3333,5.88,51.7,83.8,0.8936,1.128,1.008
141.5000,5.97,74.9,83.7,0.9034,1.624,1.467
141.6667,7.67,97.6,80.4,0.9057,2.103,1.905
141.8333,7.78,123.2,80.5,0.9122,2.638,2.406
142.0000,8.79,150.3,77.1,0.9145,3.207,2.933
142.1667,10.22,183.1,77.5,0.9164,3.878,3.554
142.3333,10.64,199.4,76.0,0.9221,4.181,3.855
142.5000,11.87,226.7,73.6,0.9204,4.765,4.385
142.6667,12.33,259.3,72.1,0.9252,5.406,5.002
142.8333,13.58,276.0,74.0,0.9248,5.778,5.343
143.0000,14.70,316.6,71.4,0.9234,6.561,6.058
143.1667,15.54,346.0,71.8,0.9228,7.207,6.651
143.3333,16.14,363.8,68.3,0.9237,7.509,6.936
143.5000,16.94,389.0,69.0,0.9246,8.059,7.452
143.6667,18.24,410.6,64.3,0.9200,8.547,7.863
143.8333,20.26,468.6,62.3,0.9212,9.644,8.884
144.0000,19.31,457.0,62.5,0.9229,9.410,8.685
144.1667,20.51,470.6,60.7,0.9226,9.651,8.904
144.3333,22.16,544.3,59.1,0.9216,11.180,10.304
144.5000,22.51,543.0,60.2,0.9242,11.101,10.259
144.6667,23.47,551.5,55.8,0.9145,11.471,10.491
144.8333,23.96,558.3,57.7,0.9210,11.431,10.529
145.0000,25.24,618.8,54.1,0.9221,12.495,11.522
145.1667,26.24,639.8,53.6,0.9193,13.118,12.060
145.3333,25.53,604.7,54.1,0.9196,12.503,11.498
145.5000,26.44,642.6,52.7,0.9179,13.243,12.155
145.6667,27.75,666.9,48.5,0.9134,13.767,12.575
145.8333,28.51,696.9,49.1,0.9138,14.185,12.962
146.0000,27.81,646.5,51.1,0.9161,13.283,12.168
146.1667,28.59,665.4,49.0,0.9144,13.535,12.377
146.3333,28.58,656.9,48.3,0.9153,13.347,12.217
146.5000,29.08,700.9,49.0,0.9161,14.298,13.097
146.6667,29.58,697.2,47.5,0.9169,14.200,13.020
146.8333,29.75,704.5,46.3,0.9133,14.384,13.136
147.0000,29.56,681.0,47.8,0.9159,13.876,12.709
147.1667,30.21,703.7,46.6,0.9144,14.423,13.188
147.3333,29.39,687.5,48.7,0.9154,13.873,12.700
147.5000,29.34,668.9,49.0,0.9154,13.691,12.532
147.6667,30.29,676.0,47.5,0.9104,13.801,12.564
147.8333,29.86,665.5,47.7,0.9158,13.570,12.427
148.0000,29.72,642.5,48.5,0.9101,13.024,11.854
148.1667,29.54,637.4,48.4,0.9142,13.153,12.024
148.3333,29.59,630.0,48.6,0.9131,12.726,11.620
148.5000,28.31,578.6,50.2,0.9121,11.797,10.760
148.6667,28.22,564.2,49.7,0.9137,11.537,10.541
148.8333,28.68,578.8,50.1,0.9141,11.878,10.858
149.0000,26.86,537.8,53.6,0.9166,10.997,10.080
149.1667,26.60,527.1,51.9,0.9183,10.718,9.842
149.3333,26.69,501.9,51.5,0.9127,10.284,9.386
149.5000,25.71,485.5,52.7,0.9124,9.912,9.043
149.6667,25.30,468.1,54.8,0.9133,9.708,8.866
149.8333,24.50,441.0,54.2,0.9086,9.104,8.272
150.0000,24.60,427.4,55.6,0.9103,8.798,8.009
150.1667,23.57,382.2,56.8,0.9131,7.873,7.189
150.3333,22.46,352.6,59.2,0.9117,7.296,6.652
150.5000,22.09,327.2,59.3,0.9089,6.759,6.143
150.6667,21.39,287.4,59.2,0.9108,5.925,5.396
150.8333,20.76,265.4,61.2,0.9103,5.507,5.014
151.0000,19.60,236.4,63.9,0.9045,5.011,4.532
151.1667,19.37,219.9,63.8,0.9084,4.583,4.163
151.3333,18.33,192.5,65.9,0.9047,4.064,3.677
151.5000,16.77,160.4,67.1,0.9016,3.424,3.087
151.6667,16.70,139.1,67.9,0.9000,2.961,2.665
151.8333,16.18,113.4,68.4,0.8942,2.434,2.176
152.0000,15.28,89.5,71.5,0.8902,1.927,1.716
152.1667,14.30,66.9,71.3,0.8857,1.450,1.285
152.3333,13.34,46.7,73.3,0.8773,1.022,0.896
152.5000,12.91,25.8,71.6,0.8675,0.572,0.496
152.6667,12.44,8.8,73.9,0.8372,0.202,0.170
152.8333,12.26,0.0,73.6,0.0000,0.000,0.000
153.0000,11.88,0.0,73.5,0.0000,0.000,0.000
153.1667,11.79,0.0,75.7,0.0000,0.000,0.000
153.3333,12.02,0.0,73.9,0.0000,0.000,0.000
153.5000,11.36,0.0,76.4,0.0000,0.000,0.000
153.6667,10.60,0.0,77.0,0.0000,0.000,0.000
153.8333,11.15,0.0,75.6,0.0000,0.000,0.000
154.0000,11.14,0.0,75.4,0.0000,0.000,0.000
154.1667,10.47,0.0,76.5,0.0000,0.000,0.000
154.3333,9.98,0.0,77.5,0.0000,0.000,0.000
154.5000,10.50,0.0,77.0,0.0000,0.000,0.000
154.6667,9.44,0.0,76.4,0.0000,0.000,0.000
154.8333,9.54,0.0,78.2,0.0000,0.000,0.000
155.0000,8.86,0.0,79.7,0.0000,0.000,0.000
155.1667,8.94,0.0,78.5,0.0000,0.000,0.000
155.3333,8.29,0.0,82.0,0.0000,0.000,0.000
155.5000,8.17,0.0,80.8,0.0000,0.000,0.000
155.6667,7.91,0.0,80.1,0.0000,0.000,0.000
155.8333,7.92,0.0,79.5,0.0000,0.000,0.000
156.0000,7.63,0.0,82.4,0.0000,0.000,0.000
156.1667,7.51,0.0,79.1,0.0000,0.000,0.000
156.3333,7.48,0.0,81.5,0.0000,0.000,0.000
156.5000,7.04,0.0,80.9,0.0000,0.000,0.000
156.6667,6.48,0.0,82.8,0.0000,0.000,0.000
156.8333,6.41,0.0,82.3,0.0000,0.000,0.000
157.0000,5.71,0.0,84.8,0.0000,0.000,0.000
157.1667,5.46,0.0,85.2,0.0000,0.000,0.000
157.3333,5.70,0.0,84.1,0.0000,0.000,0.000
157.5000,5.24,0.0,85.2,0.0000,0.000,0.000
157.6667,5.27,0.0,84.1,0.0000,0.000,0.000
157.8333,4.78,0.0,86.3,0.0000,0.000,0.000
158.0000,5.04,0.0,86.2,0.0000,0.000,0.000
158.1667,3.92,0.0,87.0,0.0000,0.000,0.000
158.3333,4.08,0.0,86.3,0.0000,0.000,0.000
158.5000,3.72,0.0,87.6,0.0000,0.000,0.000
158.6667,4.41,0.0,86.3,0.0000,0.000,0.000
158.8333,3.79,0.0,85.7,0.0000,0.000,0.000
159.0000,3.63,0.0,87.1,0.0000,0.000,0.000
159.1667,3.57,0.0,88.6,0.0000,0.000,0.000
159.3333,3.35,0.0,85.5,0.0000,0.000,0.000
159.5000,2.64,0.0,87.3,0.0000,0.000,0.000
159.6667,2.70,0.0,89.2,0.0000,0.000,0.000
159.8333,2.53,0.0,89.0,0.0000,0.000,0.000
160.0000,2.92,0.0,88.0,0.0000,0.000,0.000
160.1667,2.88,0.0,88.2,0.0000,0.000,0.000
160.3333,2.27,0.0,89.0,0.0000,0.000,0.000
160.5000,2.64,0.0,88.9,0.0000,0.000,0.000
160.6667,2.14,0.0,89.7,0.0000,0.000,0.000
160.8333,2.09,0.0,88.5,0.0000,0.000,0.000
161.0000,2.25,0.0,88.8,0.0000,0.000,0.000
161.1667,1.72,0.0,91.0,0.0000,0.000,0.000
161.3333,2.01,0.0,90.1,0.0000,0.000,0.000
161.5000,2.18,0.0,88.3,0.0000,0.000,0.000
161.6667,1.77,0.0,88.8,0.0000,0.000,0.000
161.8333,2.17,0.0,89.9,0.0000,0.000,0.000
162.0000,1.94,0.0,89.1,0.0000,0.000,0.000
162.1667,2.01,0.0,88.9,0.0000,0.000,0.000
162.3333,2.33,0.0,90.9,0.0000,0.000,0.000
162.5000,1.93,0.0,91.3,0.0000,0.000,0.000
162.6667,1.94,0.0,89.1,0.0000,0.000,0.000
162.8333,2.00,0.0,89.0,0.0000,0.000,0.000
163.0000,1.76,0.0,90.6,0.0000,0.000,0.000
163.1667,2.24,0.0,88.8,0.0000,0.000,0.000
163.3333,2.74,0.0,87.7,0.0000,0.000,0.000
163.5000,2.66,0.0,88.2,0.0000,0.000,0.000
163.6667,3.21,0.0,88.3,0.0000,0.000,0.000
163.8333,2.44,0.0,88.6,0.0000,0.000,0.000
164.0000,2.65,0.0,88.0,0.0000,0.000,0.000
164.1667,3.45,0.0,86.9,0.0000,0.000,0.000
164.3333,3.47,0.0,85.3,0.0000,0.000,0.000
164.5000,3.66,0.0,88.5,0.0000,0.000,0.000
164.6667,3.63,0.0,88.3,0.0000,0.000,0.000
164.8333,3.64,1.4,87.2,0.8078,0.034,0.027
165.0000,3.66,13.7,84.7,0.8655,0.310,0.268
165.1667,4.64,28.3,86.5,0.8807,0.631,0.556
165.3333,5.58,49.3,84.3,0.8917,1.077,0.960
165.5000,6.56,71.7,84.7,0.9014,1.553,1.400
165.6667,6.73,93.7,81.8,0.9053,2.023,1.831
165.8333,7.82,108.8,79.4,0.9087,2.307,2.096
166.0000,9.04,139.0,78.3,0.9117,2.954,2.693
166.1667,10.24,164.7,76.5,0.9154,3.474,3.181
166.3333,10.45,179.3,76.2,0.9198,3.780,3.477
166.5000,10.70,211.6,77.2,0.9221,4.427,4.083
166.6667,12.28,238.4,73.2,0.9158,5.007,4.585
166.8333,12.72,256.5,71.4,0.9221,5.299,4.886
167.0000,14.57,297.6,71.6,0.9209,6.164,5.677
167.1667,14.68,303.4,71.1,0.9231,6.293,5.808
167.3333,15.41,324.8,67.8,0.9235,6.745,6.229
167.5000,16.77,375.4,67.5,0.9248,7.642,7.067
167.6667,17.70,384.8,65.9,0.9250,7.940,7.344
167.8333,18.73,411.3,66.1,0.9189,8.474,7.786
168.0000,18.74,438.7,62.6,0.9219,9.032,8.326
